THÁNG,NGÀY,TIỀN MẶT,CÀ THẺ,THỰC NHẬN CÀ THẺ,CHUYỂN KHOẢN,TRẢ CỌC,TỔNG,TỔNG TRỪ PHÍ CÀ THẺ
2023.01,01/01/2023,8.600.000,9.600.000,9.501.000,7.400.000,0,25.600.000,25.501.000
2023.01,02/01/2023,0,0,0,0,0,0,0
2023.01,03/01/2023,11.290.000,4.700.000,4.637.300,15.230.000,0,31.220.000,31.157.300
2023.01,04/01/2023,12.840.000,41.320.000,40.678.880,16.920.000,0,71.080.000,70.438.880
2023.01,05/01/2023,36.045.000,5.250.000,5.186.800,5.140.000,0,46.435.000,46.371.800
2023.01,06/01/2023,12.100.000,7.500.000,7.430.500,36.490.000,0,56.090.000,56.020.500
2023.01,07/01/2023,12.730.000,16.060.000,15.803.040,13.970.000,0,42.760.000,42.503.040
2023.01,08/01/2023,13.650.000,4.200.000,4.132.800,8.750.000,0,26.600.000,26.532.800
2023.01,09/01/2023,5.150.000,13.045.000,12.859.780,10.015.000,0,28.210.000,28.024.780
2023.01,10/01/2023,5.245.000,3.400.000,3.338.100,27.040.000,0,35.685.000,35.623.100
2023.01,11/01/2023,3.505.000,9.045.000,8.900.000,23.090.000,0,35.640.000,35.495.000
2023.01,12/01/2023,10.100.000,3.650.000,3.604.000,10.540.000,0,24.290.000,24.244.000
2023.01,13/01/2023,15.395.000,3.500.000,3.479.000,19.925.000,0,38.820.000,38.799.000
2023.01,14/01/2023,20.115.000,13.810.000,13.679.000,6.875.000,0,40.800.000,40.669.000
2023.01,15/01/2023,12.050.000,7.700.000,7.629.000,8.545.000,0,28.295.000,28.224.000
2023.01,16/01/2023,6.600.000,3.895.000,3.832.000,2.980.000,0,13.475.000,13.412.000
2023.01,17/01/2023,5.100.000,5.400.000,5.333.600,19.000.000,0,29.500.000,29.433.600
2023.02,01/02/2023,12.755.000,4.395.000,4.324.680,8.945.000,0,26.095.000,26.024.680
2023.02,02/02/2023,12.745.000,1.445.000,1.421.880,10.450.000,0,24.640.000,24.616.880
2023.02,03/02/2023,13.945.000,1.150.000,1.131.600,35.935.000,0,51.030.000,51.011.600
2023.02,04/02/2023,15.950.000,7.860.000,7.734.240,17.105.000,0,40.915.000,40.789.240
2023.02,05/02/2023,24.500.000,20.895.000,20.593.180,13.495.000,0,58.890.000,58.588.180
2023.02,06/02/2023,10.900.000,9.310.000,9.161.040,15.580.000,0,35.790.000,35.641.040
2023.02,07/02/2023,14.980.000,8.050.000,7.975.700,17.810.000,0,40.840.000,40.765.700
2023.02,08/02/2023,11.900.000,30.860.000,30.421.000,29.865.000,0,72.625.000,72.186.000
2023.02,09/02/2023,15.965.000,17.500.000,17.271.000,37.065.000,0,70.530.000,70.301.000
2023.02,10/02/2023,11.750.000,9.495.000,9.414.500,42.990.000,0,64.235.000,64.154.500
2023.02,11/02/2023,29.325.000,68.470.000,67.266.560,18.920.000,0,116.715.000,115.511.560
2023.02,12/02/2023,40.050.000,10.450.000,10.304.300,12.750.000,0,63.250.000,63.104.300
2023.02,13/02/2023,8.890.000,14.665.000,14.492.160,7.395.000,0,30.950.000,30.777.160
2023.02,14/02/2023,4.845.000,4.850.000,4.772.400,18.850.000,0,28.545.000,28.467.400
2023.02,15/02/2023,4.150.000,1.250.000,1.242.500,11.745.000,0,17.145.000,17.137.500
2023.02,16/02/2023,6.970.000,4.500.000,4.457.000,20.195.000,0,31.665.000,31.622.000
2023.02,17/02/2023,12.595.000,11.890.000,11.736.760,17.395.000,0,41.880.000,41.726.760
2023.02,18/02/2023,21.725.000,45.260.000,44.361.570,16.095.000,1.795.000,81.285.000,80.386.570
2023.02,19/02/2023,10.040.000,9.240.000,9.114.610,13.000.000,0,32.280.000,32.154.610
2023.02,20/02/2023,4.300.000,13.955.000,13.731.720,14.865.000,0,33.120.000,32.896.720
2023.02,21/02/2023,2.600.000,33.215.000,32.705.718,4.515.000,0,40.330.000,39.820.718
2023.02,22/02/2023,30.010.000,2.240.000,2.220.960,21.630.000,0,53.880.000,53.860.960
2023.02,23/02/2023,0,3.495.000,3.439.080,12.455.000,0,15.950.000,15.894.080
2023.02,24/02/2023,12.440.000,6.750.000,6.642.000,24.975.000,0,44.165.000,44.057.000
2023.02,25/02/2023,14.255.000,2.060.000,2.046.740,14.065.000,0,30.380.000,30.366.740
2023.02,26/02/2023,16.555.000,805.000,789.570,53.240.000,0,70.600.000,70.584.570
2023.02,27/02/2023,12.990.000,3.460.000,3.430.140,5.825.000,0,22.275.000,22.245.140
2023.02,28/02/2023,3.745.000,0,0,11.185.000,0,14.930.000,14.930.000
2023.03,01/03/2023,8.060.000,22.120.000,21.779.080,12.920.000,0,43.100.000,42.759.080
2023.03,02/03/2023,11.005.000,5.050.000,5.007.700,14.870.000,0,30.925.000,30.882.700
2023.03,03/03/2023,5.170.000,13.745.000,13.586.460,22.445.000,0,41.360.000,41.201.460
2023.03,04/03/2023,24.570.000,18.930.000,18.627.220,44.515.000,0,88.015.000,87.712.220
2023.03,05/03/2023,18.905.000,8.220.000,8.101.480,18.210.000,0,45.335.000,45.216.480
2023.03,06/03/2023,15.960.000,3.650.000,3.489.509,20.375.000,0,39.985.000,39.824.509
2023.03,07/03/2023,24.540.000,11.700.000,11.512.800,33.260.000,0,69.500.000,69.312.800
2023.03,08/03/2023,3.880.000,17.050.000,16.823.200,12.605.000,0,33.535.000,33.308.200
2023.03,09/03/2023,16.270.000,10.650.000,10.533.100,25.125.000,0,52.045.000,51.928.100
2023.03,10/03/2023,5.150.000,6.570.000,6.497.980,14.940.000,0,26.660.000,26.587.980
2023.03,11/03/2023,14.135.000,12.910.000,12.703.440,15.535.000,0,42.580.000,42.373.440
2023.03,12/03/2023,9.140.000,22.520.000,22.186.680,50.995.000,0,82.655.000,82.321.680
2023.03,13/03/2023,7.460.000,4.560.000,4.205.840,8.340.000,0,20.360.000,20.005.840
2023.03,14/03/2023,13.205.000,6.820.000,6.710.880,15.300.000,0,35.325.000,35.215.880
2023.03,15/03/2023,5.935.000,34.120.000,33.675.280,24.830.000,0,64.885.000,64.440.280
2023.03,16/03/2023,7.395.000,2.400.000,2.361.600,8.060.000,0,17.855.000,17.816.600
2023.03,17/03/2023,10.800.000,14.900.000,14.705.200,46.645.000,0,72.345.000,72.150.200
2023.03,18/03/2023,31.120.000,5.450.000,5.362.800,49.075.000,0,85.645.000,85.557.800
2023.03,19/03/2023,23.655.000,2.450.000,2.410.800,10.810.000,0,36.915.000,36.875.800
2023.03,20/03/2023,14.045.000,4.970.000,4.890.480,8.080.000,0,27.095.000,27.015.480
2023.03,21/03/2023,2.665.000,3.320.000,3.300.080,7.050.000,0,13.035.000,13.015.080
2023.03,22/03/2023,2.825.000,38.405.000,37.796.120,4.550.000,0,45.780.000,45.171.120
2023.03,23/03/2023,1.250.000,7.515.000,7.445.910,26.145.000,0,34.910.000,34.840.910
2023.03,24/03/2023,14.375.000,3.550.000,3.528.700,54.900.000,0,72.825.000,72.803.700
2023.03,25/03/2023,12.010.000,2.110.000,2.076.240,2.960.000,0,17.080.000,17.046.240
2023.03,26/03/2023,8.370.000,3.250.000,3.198.000,25.225.000,0,36.845.000,36.793.000
2023.03,27/03/2023,3.880.000,2.600.000,3.208.400,5.145.000,0,11.625.000,12.233.400
2023.03,28/03/2023,4.060.000,0,0,10.145.000,0,14.205.000,14.205.000
2023.03,29/03/2023,4.145.000,4.000.000,3.949.000,16.690.000,0,24.835.000,24.784.000
2023.03,30/03/2023,4.940.000,2.450.000,2.425.300,17.050.000,0,24.440.000,24.415.300
2023.03,31/03/2023,4.050.000,2.700.000,2.658.800,4.595.000,0,11.345.000,11.303.800
2023.04,01/04/2023,5.960.000,12.625.000,12.421.020,5.090.000,0,23.675.000,23.471.020
2023.04,02/04/2023,13.855.000,8.295.000,8.154.570,10.075.000,0,32.225.000,32.084.570
2023.04,03/04/2023,13.930.000,2.400.000,2.373.600,42.595.000,0,58.925.000,58.898.600
2023.04,04/04/2023,11.650.000,5.950.000,5.854.800,24.685.000,0,42.285.000,42.189.800
2023.04,05/04/2023,8.615.000,5.635.000,5.544.840,19.880.000,0,34.130.000,34.039.840
2023.04,06/04/2023,3.850.000,14.600.000,14.439.200,12.460.000,0,30.910.000,30.749.200
2023.04,07/04/2023,6.300.000,19.450.000,19.202.800,24.210.000,0,49.960.000,49.712.800
2023.04,08/04/2023,27.680.000,7.060.000,6.938.140,29.600.000,0,64.340.000,64.218.140
2023.04,09/04/2023,17.205.000,2.400.000,2.361.600,6.450.000,0,26.055.000,26.016.600
2023.04,10/04/2023,2.745.000,6.270.000,6.192.130,30.370.000,0,39.385.000,39.307.130
2023.04,11/04/2023,7.900.000,4.825.000,4.748.168,14.300.000,0,27.025.000,26.948.168
2023.04,12/04/2023,13.345.000,4.390.000,4.333.360,20.680.000,0,38.415.000,38.358.360
2023.04,13/04/2023,9.850.000,2.350.000,2.311.400,15.400.000,0,27.600.000,27.561.400
2023.04,14/04/2023,7.500.000,4.750.000,4.709.000,15.010.000,0,27.260.000,27.219.000
2023.04,15/04/2023,6.700.000,26.745.000,26.349.780,11.800.000,0,45.245.000,44.849.780
2023.04,16/04/2023,9.510.000,2.350.000,2.335.900,66.020.000,0,77.880.000,77.865.900
2023.04,17/04/2023,6.225.000,17.310.000,17.192.640,35.340.000,0,58.875.000,58.757.640
2023.04,18/04/2023,4.200.000,3.320.000,3.266.880,12.450.000,0,19.970.000,19.916.880
2023.04,19/04/2023,3.030.000,4.795.000,4.717.810,30.665.000,0,38.490.000,38.412.810
2023.04,20/04/2023,4.915.000,4.645.000,4.570.680,3.960.000,0,13.520.000,13.445.680
2023.04,21/04/2023,18.060.000,11.050.000,10.873.200,27.700.000,0,56.810.000,56.633.200
2023.04,22/04/2023,20.945.000,9.130.000,8.983.200,7.340.000,0,37.415.000,37.268.200
2023.04,23/04/2023,6.045.000,3.800.000,3.744.500,7.995.000,0,17.840.000,17.784.500
2023.04,24/04/2023,9.735.000,3.950.000,3.898.800,8.305.000,0,21.990.000,21.938.800
2023.04,25/04/2023,10.500.000,3.750.000,3.727.500,37.350.000,0,51.600.000,51.577.500
2023.04,26/04/2023,17.565.000,6.700.000,6.597.000,50.970.000,0,75.235.000,75.132.000
2023.04,27/04/2023,5.050.000,12.600.000,12.403.400,8.050.000,0,25.700.000,25.503.400
2023.04,28/04/2023,7.610.000,4.995.000,4.925.080,28.400.000,150.000,40.855.000,40.785.080
2023.05,02/05/2023,17.645.000,4.700.000,4.649.300,4.950.000,0,27.295.000,27.244.300
2023.05,03/05/2023,8.700.000,14.225.000,14.021.900,12.450.000,0,35.375.000,35.171.900
2023.05,04/05/2023,13.900.000,6.265.000,6.163.510,16.500.000,0,36.665.000,36.563.510
2023.05,05/05/2023,11.500.000,7.845.000,7.758.430,51.083.000,0,70.428.000,70.341.430
2023.05,06/05/2023,23.220.000,11.950.000,11.728.800,23.550.000,0,58.720.000,58.498.800
2023.05,07/05/2023,6.500.000,7.570.000,7.448.880,21.250.000,0,35.320.000,35.198.880
2023.05,08/05/2023,8.500.000,1.595.000,1.569.480,20.150.000,0,30.245.000,30.219.480
2023.05,09/05/2023,8.310.000,8.165.000,8.070.010,13.870.000,0,30.345.000,30.250.010
2023.05,10/05/2023,15.910.000,17.020.000,16.773.180,44.970.000,1.000.000,76.900.000,76.653.180
2023.05,11/05/2023,6.820.000,5.000.000,4.933.000,20.296.666,0,32.116.666,32.049.666
2023.05,12/05/2023,10.725.000,6.345.000,6.294.430,18.275.000,0,35.345.000,35.294.430
2023.05,13/05/2023,10.800.000,11.450.000,11.293.800,34.190.000,0,56.440.000,56.283.800
2023.05,14/05/2023,19.895.000,2.600.000,2.558.400,16.460.000,0,38.955.000,38.913.400
2023.05,15/05/2023,10.250.000,4.200.000,4.193.280,11.765.000,0,26.215.000,26.208.280
2023.05,16/05/2023,13.955.000,12.515.000,12.339.910,7.270.000,0,33.740.000,33.564.910
2023.05,17/05/2023,7.160.000,25.200.000,24.864.800,15.855.000,0,48.215.000,47.879.800
2023.05,18/05/2023,4.350.000,5.820.000,5.738.880,15.995.000,0,26.165.000,26.083.880
2023.05,19/05/2023,13.410.000,17.595.000,17.349.480,22.400.000,0,53.405.000,53.159.480
2023.05,20/05/2023,2.050.000,18.060.000,17.736.480,21.350.000,0,41.460.000,41.136.480
2023.05,21/05/2023,9.145.000,4.350.000,4.292.900,13.045.000,0,26.540.000,26.482.900
2023.05,22/05/2023,5.245.000,4.550.000,4.292.900,6.555.000,0,16.350.000,16.092.900
2023.05,23/05/2023,0,8.550.000,8.476.600,11.600.000,0,20.150.000,20.076.600
2023.05,24/05/2023,11.320.000,20.100.000,1.958.400,24.515.000,0,55.935.000,37.793.400
2023.05,25/05/2023,3.700.000,6.000.000,5.921.800,12.370.000,0,22.070.000,21.991.800
2023.05,26/05/2023,4.420.000,3.670.000,3.626.520,6.260.000,0,14.350.000,14.306.520
2023.05,27/05/2023,11.445.000,5.630.000,5.539.920,33.560.000,0,50.635.000,50.544.920
2023.05,28/05/2023,24.095.000,2.450.000,2.403.600,14.370.000,0,40.915.000,40.868.600
2023.05,29/05/2023,5.875.000,4.180.000,4.125.120,26.610.000,0,36.665.000,36.610.120
2023.05,30/05/2023,10.470.000,2.250.000,2.214.000,6.660.000,0,19.380.000,19.344.000
2023.05,31/05/2023,7.820.000,3.650.000,3.591.600,19.780.000,0,31.250.000,31.191.600
2023.06,01/06/2023,1.900.000,6.860.000,6.751.740,16.610.000,0,25.370.000,25.261.740
2023.06,02/06/2023,14.735.000,6.145.000,6.059.130,23.405.000,0,44.285.000,44.199.130
2023.06,03/06/2023,16.770.000,17.070.000,16.821.330,26.330.000,0,60.170.000,59.921.330
2023.06,04/06/2023,30.000.000,14.945.000,14.755.830,26.405.000,0,71.350.000,71.160.830
2023.06,05/06/2023,8.450.000,2.850.000,2.809.400,14.895.000,0,26.195.000,26.154.400
2023.06,06/06/2023,40.250.000,6.550.000,6.473.200,14.925.000,0,61.725.000,61.648.200
2023.06,07/06/2023,18.300.000,4.995.000,4.928.080,11.550.000,0,34.845.000,34.778.080
2023.06,08/06/2023,6.875.000,65.245.000,64.201.080,14.580.000,695.000,86.005.000,84.961.080
2023.06,09/06/2023,13.595.000,23.800.000,23.424.200,37.066.000,0,74.461.000,74.085.200
2023.06,10/06/2023,13.065.000,9.575.000,9.414.000,34.405.000,0,57.045.000,56.884.000
2023.06,11/06/2023,24.710.000,9.625.000,9.554.750,55.380.000,0,89.715.000,89.644.750
2023.06,12/06/2023,4.620.000,17.545.000,17.291.230,17.590.000,0,39.755.000,39.501.230
2023.06,13/06/2023,5.220.000,6.070.000,5.980.680,11.415.000,0,22.705.000,22.615.680
2023.06,14/06/2023,42.875.000,7.560.000,7.435.680,44.780.000,450.000,94.765.000,94.640.680
2023.06,15/06/2023,23.375.000,10.265.000,10.192.210,25.210.000,0,58.850.000,58.777.210
2023.06,16/06/2023,22.065.000,6.060.000,5.975.540,26.520.000,0,54.645.000,54.560.540
2023.06,17/06/2023,6.350.000,4.540.000,4.467.390,52.115.000,0,63.005.000,62.932.390
2023.06,18/06/2023,11.310.000,37.665.000,37.075.360,50.585.000,0,99.560.000,98.970.360
2023.06,19/06/2023,9.755.000,10.760.000,10.587.840,7.995.000,0,28.510.000,28.337.840
2023.06,20/06/2023,8.495.000,4.790.000,4.735.810,23.965.000,0,37.250.000,37.195.810
2023.06,21/06/2023,8.840.000,14.775.000,14.567.050,64.960.000,0,88.575.000,88.367.050
2023.06,22/06/2023,5.215.000,18.845.000,18.582.430,12.005.000,0,36.065.000,35.802.430
2023.06,23/06/2023,3.685.000,1.200.000,1.180.800,3.350.000,0,8.235.000,8.215.800
2023.06,24/06/2023,3.435.000,7.060.000,6.937.000,17.980.000,0,28.475.000,28.352.000
2023.06,25/06/2023,4.920.000,13.060.000,12.848.480,17.770.000,0,35.750.000,35.538.480
2023.06,26/06/2023,6.430.000,1.680.000,1.653.120,50.570.000,0,58.680.000,58.653.120
2023.06,27/06/2023,5.400.000,3.950.000,3.886.800,8.260.000,0,17.610.000,17.546.800
2023.06,28/06/2023,26.700.000,2.600.000,2.530.900,9.395.000,0,38.695.000,38.625.900
2023.06,29/06/2023,29.780.000,24.000.000,23.830.710,14.145.000,0,67.925.000,67.755.710
2023.06,30/06/2023,11.780.000,3.465.000,3.418.000,39.590.000,0,54.835.000,54.788.000
2023.07,01/07/2023,9.590.000,7.500.000,7.392.500,15.790.000,0,32.880.000,32.772.500
2023.07,02/07/2023,15.910.000,8.550.000,8.413.200,14.860.000,0,39.320.000,39.183.200
2023.07,03/07/2023,7.440.000,1.810.000,1.799.140,15.645.000,1.680.000,23.215.000,23.204.140
2023.07,04/07/2023,9.600.000,7.850.000,7.739.400,19.245.000,0,36.695.000,36.584.400
2023.07,05/07/2023,3.900.000,4.955.000,4.878.720,600.000,0,9.455.000,9.378.720
2023.07,06/07/2023,5.045.000,7.840.000,7.751.060,34.475.000,0,47.360.000,47.271.060
2023.07,07/07/2023,11.015.000,8.500.000,8.387.000,30.055.000,0,49.570.000,49.457.000
2023.07,08/07/2023,13.900.000,15.230.000,15.042.620,42.855.000,630.000,71.355.000,71.167.620
2023.07,09/07/2023,16.900.000,2.945.000,2.912.330,16.560.000,0,36.405.000,36.372.330
2023.07,10/07/2023,12.895.000,6.400.000,6.297.600,35.715.000,0,55.010.000,54.907.600
2023.07,11/07/2023,7.260.000,4.595.000,4.521.480,16.390.000,0,28.245.000,28.171.480
2023.07,12/07/2023,35.295.000,1.850.000,1.820.400,54.090.000,0,91.235.000,91.205.400
2023.07,13/07/2023,25.160.000,4.400.000,4.329.600,24.561.666,0,54.121.666,54.051.266
2023.07,14/07/2023,11.600.000,11.745.000,11.597.080,36.205.000,0,59.550.000,59.402.080
2023.07,15/07/2023,24.760.000,12.070.000,11.899.880,28.851.000,0,65.681.000,65.510.880
2023.07,16/07/2023,17.550.000,5.150.000,5.060.400,31.920.000,0,54.620.000,54.530.400
2023.07,17/07/2023,42.245.000,9.526.666,9.366.439,31.295.000,0,83.066.666,82.906.439
2023.07,18/07/2023,23.650.000,11.015.000,10.848.920,15.015.000,0,49.680.000,49.513.920
2023.07,19/07/2023,14.955.000,8.785.000,8.676.240,27.830.000,0,51.570.000,51.461.240
2023.07,20/07/2023,9.190.000,7.100.000,7.002.900,42.020.000,0,58.310.000,58.212.900
2023.07,21/07/2023,10.490.000,3.900.000,3.864.100,25.950.000,0,40.340.000,40.304.100
2023.07,22/07/2023,6.315.000,17.825.000,17.576.250,33.480.000,0,57.620.000,57.371.250
2023.07,23/07/2023,14.815.000,16.145.000,16.012.280,13.900.000,0,44.860.000,44.727.280
2023.07,24/07/2023,12.890.000,3.560.000,3.503.040,15.515.000,0,31.965.000,31.908.040
2023.07,25/07/2023,4.770.000,34.595.000,34.041.480,18.500.000,0,57.865.000,57.311.480
2023.07,26/07/2023,20.495.000,32.625.000,32.117.378,17.975.000,0,71.095.000,70.587.378
2023.07,27/07/2023,10.845.000,4.950.000,4.882.800,16.690.000,0,32.485.000,32.417.800
2023.07,28/07/2023,2.325.000,1.250.000,1.242.500,23.645.000,0,27.220.000,27.212.500
2023.07,29/07/2023,9.345.000,12.455.000,12.255.720,41.350.000,0,63.150.000,62.950.720
2023.07,30/07/2023,13.925.000,3.045.000,3.000.280,10.055.000,0,27.025.000,26.980.280
2023.07,31/07/2023,6.940.000,9.417.000,9.295.328,37.752.000,0,54.109.000,53.987.328
2023.08,01/08/2023,19.710.000,5.445.000,5.400.330,8.900.000,0,34.055.000,34.010.330
2023.08,02/08/2023,2.000.000,12.700.000,12.588.316,9.000.000,0,23.700.000,23.588.316
2023.08,03/08/2023,15.115.000,6.200.000,6.125.800,32.540.000,0,53.855.000,53.780.800
2023.08,04/08/2023,51.910.000,10.950.000,10.807.800,32.010.000,0,94.870.000,94.727.800
2023.08,05/08/2023,21.045.000,9.570.000,9.416.880,22.921.666,0,53.536.666,53.383.546
2023.08,06/08/2023,25.375.000,5.860.000,5.794.290,24.470.000,0,55.705.000,55.639.290
2023.08,07/08/2023,19.210.000,7.115.000,6.997.960,25.093.332,0,51.418.332,51.301.292
2023.08,08/08/2023,11.360.000,6.020.000,5.923.680,17.855.000,0,35.235.000,35.138.680
2023.08,09/08/2023,14.135.000,15.590.000,15.359.360,31.795.000,0,61.520.000,61.289.360
2023.08,10/08/2023,7.360.000,14.300.000,14.087.800,40.575.000,0,62.235.000,62.022.800
2023.08,11/08/2023,21.250.000,4.700.000,4.634.800,74.600.000,0,100.550.000,100.484.800
2023.08,12/08/2023,12.060.000,13.280.000,13.036.540,42.990.000,0,68.330.000,68.086.540
2023.08,13/08/2023,47.675.000,4.080.000,4.031.520,34.430.000,0,86.185.000,86.136.520
2023.08,14/08/2023,47.540.000,6.567.000,6.474.928,55.390.000,0,109.497.000,109.404.928
2023.08,15/08/2023,1.850.000,14.195.000,13.968.555,22.743.000,0,38.788.000,38.561.555
2023.08,16/08/2023,16.260.000,3.160.000,3.123.440,54.750.000,0,74.170.000,74.133.440
2023.08,17/08/2023,8.685.000,14.800.000,14.574.120,4.710.000,0,28.195.000,27.969.120
2023.08,18/08/2023,16.745.000,2.450.000,2.435.300,36.220.000,0,55.415.000,55.400.300
2023.08,19/08/2023,19.260.000,9.000.000,8.856.000,33.567.000,0,61.827.000,61.683.000
2023.08,20/08/2023,57.480.000,6.330.000,6.232.220,9.370.000,0,73.180.000,73.082.220
2023.08,21/08/2023,30.515.000,2.790.000,2.745.360,19.819.999,0,53.124.999,53.080.359
2023.08,22/08/2023,17.410.000,7.400.000,7.294.100,12.965.000,0,37.775.000,37.669.100
2023.08,23/08/2023,42.393.200,4.211.666,4.144.279,35.240.000,0,81.844.866,81.777.479
2023.08,24/08/2023,10.920.000,14.950.000,14.723.300,13.720.000,0,39.590.000,39.363.300
2023.08,25/08/2023,3.165.000,32.395.000,31.883.580,34.820.000,0,70.380.000,69.868.580
2023.08,26/08/2023,15.242.000,22.900.000,22.545.389,11.320.000,0,49.462.000,49.107.389
2023.08,27/08/2023,15.590.000,5.640.000,5.549.760,17.820.000,0,39.050.000,38.959.760
2023.08,28/08/2023,31.880.000,5.210.000,5.145.240,12.087.000,0,49.177.000,49.112.240
2023.08,29/08/2023,15.645.000,11.850.000,11.665.400,23.600.000,0,51.095.000,50.910.400
2023.08,30/08/2023,4.605.000,13.850.000,13.618.400,18.505.000,0,36.960.000,36.728.400
2023.08,31/08/2023,4.460.000,1.150.000,1.131.600,16.170.000,0,21.780.000,21.761.600
2023.09,01/09/2023,8.865.000,14.345.000,14.116.480,53.218.000,0,76.428.000,76.199.480
2023.09,02/09/2023,0,0,0,0,0,0,0
2023.09,03/09/2023,9.375.000,11.065.000,10.887.960,12.145.000,0,32.585.000,32.407.960
2023.09,04/09/2023,13.280.000,3.050.000,3.013.700,28.950.000,0,45.280.000,45.243.700
2023.09,05/09/2023,11.230.000,7.300.000,7.184.700,20.200.000,0,38.730.000,38.614.700
2023.09,06/09/2023,12.896.666,4.700.000,4.624.800,48.610.000,0,66.206.666,66.131.466
2023.09,07/09/2023,19.530.000,11.025.000,10.886.050,23.642.000,0,54.197.000,54.058.050
2023.09,08/09/2023,16.850.000,9.916.666,9.794.999,63.787.000,0,90.553.666,90.431.999
2023.09,09/09/2023,19.180.000,19.150.000,18.851.100,31.845.000,0,70.175.000,69.876.100
2023.09,10/09/2023,25.210.000,26.075.000,25.637.800,53.865.000,0,105.150.000,104.712.800
2023.09,11/09/2023,9.250.000,17.266.666,16.968.159,66.837.220,450.000,92.903.886,92.605.379
2023.09,12/09/2023,0,0,0,2.700.000,0,2.700.000,2.700.000
2023.09,13/09/2023,15.410.000,7.770.000,7.674.680,29.410.000,0,52.590.000,52.494.680
2023.09,14/09/2023,16.220.000,9.245.000,9.112.337,47.800.000,0,73.265.000,73.132.337
2023.09,15/09/2023,12.092.000,6.660.000,6.487.800,50.037.000,0,68.789.000,68.616.800
2023.09,16/09/2023,11.910.000,20.095.000,19.780.980,36.667.000,0,68.672.000,68.357.980
2023.09,17/09/2023,14.400.000,5.910.000,5.828.440,62.775.000,0,83.085.000,83.003.440
2023.09,18/09/2023,7.515.000,4.911.666,4.845.529,25.444.000,0,37.870.666,37.804.529
2023.09,19/09/2023,11.460.000,6.100.000,6.012.400,27.630.000,0,45.190.000,45.102.400
2023.09,20/09/2023,2.070.000,3.750.000,3.690.800,22.450.000,0,28.270.000,28.210.800
2023.09,21/09/2023,5.000.000,13.845.000,13.723.480,11.270.000,0,30.115.000,29.993.480
2023.09,22/09/2023,10.045.000,14.460.000,14.238.140,36.240.000,0,60.745.000,60.523.140
2023.09,23/09/2023,15.535.000,18.410.000,18.140.940,20.845.000,0,54.790.000,54.520.940
2023.09,24/09/2023,22.105.000,19.115.000,18.809.160,40.260.000,0,81.480.000,81.174.160
2023.09,25/09/2023,8.325.000,3.570.000,3.512.880,10.960.000,0,22.855.000,22.797.880
2023.09,26/09/2023,4.110.000,6.400.000,6.327.600,31.625.000,0,42.135.000,42.062.600
2023.09,27/09/2023,2.385.000,1.250.000,1.230.000,2.000.000,0,5.635.000,5.615.000
2023.09,28/09/2023,6.770.000,560.000,552.640,23.000.000,0,30.330.000,30.322.640
2023.09,29/09/2023,50.000,11.410.000,11.227.440,19.875.000,0,31.335.000,31.152.440
2023.09,30/09/2023,9.845.000,17.055.000,16.811.120,34.110.000,0,61.010.000,60.766.120
2023.10,01/10/2023,24.595.000,8.805.000,8.666.620,21.339.000,0,54.739.000,54.600.620
2023.10,02/10/2023,8.950.000,4.200.000,4.129.000,14.350.000,0,27.500.000,31.966.620
2023.10,03/10/2023,9.695.000,1.850.000,1.827.400,78.290.000,0,89.835.000,89.812.400
2023.10,04/10/2023,7.437.000,16.110.000,15.852.240,27.755.000,0,51.302.000,51.044.240
2023.10,05/10/2023,8.950.000,11.190.000,11.055.660,16.070.000,0,36.210.000,36.075.660
2023.10,06/10/2023,9.350.000,23.155.000,22.862.320,36.052.000,0,68.557.000,68.264.320
2023.10,07/10/2023,16.480.000,10.530.000,10.386.520,72.805.000,0,99.815.000,99.671.520
2023.10,08/10/2023,13.155.000,11.555.000,11.382.550,27.250.000,0,51.960.000,51.787.550
2023.10,09/10/2023,11.815.000,2.500.000,2.485.000,27.229.000,0,41.544.000,41.529.000
2023.10,10/10/2023,14.800.000,10.230.000,10.076.820,31.965.000,0,56.995.000,56.841.820
2023.10,11/10/2023,6.408.000,6.495.000,6.391.080,34.730.000,500.000,47.133.000,47.029.080
2023.10,12/10/2023,13.550.000,11.165.000,11.030.860,54.775.000,0,79.490.000,79.355.860
2023.10,13/10/2023,15.442.000,8.120.000,7.990.080,23.865.000,0,47.427.000,47.297.080
2023.10,14/10/2023,9.235.000,36.865.000,36.309.660,29.235.000,0,75.335.000,74.779.660
2023.10,15/10/2023,24.990.000,8.660.000,8.266.300,49.177.000,0,82.827.000,82.433.300
2023.10,16/10/2023,11.055.000,5.095.000,5.013.488,23.605.000,0,39.755.000,39.673.488
2023.10,17/10/2023,6.070.000,6.845.000,6.760.930,6.477.000,0,19.392.000,19.307.930
2023.10,18/10/2023,9.687.000,1.300.000,1.279.200,14.323.333,0,25.310.333,25.289.533
2023.10,19/10/2023,9.270.000,13.050.000,12.841.200,11.960.000,0,34.280.000,34.071.200
2023.10,20/10/2023,3.700.000,17.510.000,17.322.840,24.755.000,0,45.965.000,45.777.840
2023.10,21/10/2023,21.770.000,49.005.000,48.485.220,56.945.000,0,127.720.000,127.200.220
2023.10,22/10/2023,27.980.000,10.275.000,10.110.600,60.435.000,0,98.690.000,98.525.600
2023.10,23/10/2023,7.760.000,8.200.000,8.068.800,33.855.000,0,49.815.000,49.683.800
2023.10,24/10/2023,8.010.000,3.800.000,3.756.800,36.110.000,0,47.920.000,47.876.800
2023.10,25/10/2023,6.170.000,8.750.000,8.607.000,15.842.000,0,30.762.000,30.619.000
2023.10,26/10/2023,3.154.000,11.700.000,11.525.800,57.130.000,0,71.984.000,71.809.800
2023.10,27/10/2023,4.990.000,6.845.000,5.468.730,6.610.000,0,18.445.000,17.068.730
2023.10,28/10/2023,49.445.000,20.980.000,20.613.200,17.192.000,0,87.617.000,87.250.200
2023.10,29/10/2023,23.310.000,41.415.000,40.755.060,28.500.000,0,93.225.000,92.565.060
2023.10,30/10/2023,11.077.000,9.850.000,9.704.400,32.550.000,0,53.477.000,53.331.400
2023.10,31/10/2023,7.160.000,2.470.000,2.430.480,19.705.000,0,29.335.000,29.295.480
2023.11,01/11/2023,8.805.000,9.160.000,9.013.440,26.132.000,500.000,43.597.000,43.450.440
2023.11,02/11/2023,9.700.000,8.740.000,8.666.360,47.050.000,0,65.490.000,65.763.440
2023.11,03/11/2023,18.800.000,4.050.000,3.985.200,36.615.000,500.000,58.965.000,58.900.200
2023.11,04/11/2023,17.570.000,11.720.000,11.572.180,42.425.000,0,71.715.000,71.567.180
2023.11,05/11/2023,20.380.000,7.310.000,7.215.140,44.285.000,0,71.975.000,71.880.140
2023.11,06/11/2023,5.615.000,3.285.000,3.243.640,60.145.000,0,69.045.000,69.003.640
2023.11,07/11/2023,7.250.000,10.850.000,10.683.600,57.285.000,0,75.385.000,75.218.600
2023.11,08/11/2023,3.800.000,1.850.000,1.820.400,18.538.000,0,24.188.000,24.158.400
2023.11,09/11/2023,3.730.000,3.995.000,3.931.080,20.731.666,0,28.456.666,28.392.746
2023.11,10/11/2023,6.292.000,1.200.000,1.180.800,16.960.000,0,24.452.000,24.432.800
2023.11,11/11/2023,11.180.000,8.510.000,8.388.840,15.330.060,0,35.020.060,34.898.900
2023.11,12/11/2023,37.810.000,27.150.000,26.695.900,72.098.333,0,137.058.333,136.604.233
2023.11,13/11/2023,4.060.000,0,0,7.500.000,0,11.560.000,11.560.000
2023.11,14/11/2023,0,0,0,0,0,0,0
2023.11,15/11/2023,0,0,0,0,0,0,0
2023.11,16/11/2023,2.210.000,0,0,5.366.666,0,7.576.666,7.576.666
2023.11,17/11/2023,15.340.000,9.390.000,9.265.260,24.685.714,0,49.415.714,49.290.974
2023.11,18/11/2023,19.450.000,11.300.000,11.145.700,33.990.000,0,64.740.000,64.585.700
2023.11,19/11/2023,25.450.000,23.735.000,23.310.240,89.775.000,0,138.960.000,138.535.240
2023.11,20/11/2023,8.550.000,15.700.000,15.448.800,22.222.000,0,46.472.000,46.220.800
2023.11,21/11/2023,2.925.000,3.520.000,3.456.920,12.120.000,0,18.565.000,18.501.920
2023.11,22/11/2023,2.800.000,17.495.000,17.235.030,35.466.666,0,55.761.666,55.501.696
2023.11,23/11/2023,9.450.000,5.474.000,5.286.416,23.310.000,0,38.234.000,38.046.416
2023.11,24/11/2023,5.870.000,7.000.000,6.912.500,41.702.000,0,54.572.000,54.484.500
2023.11,25/11/2023,30.320.000,12.695.000,12.481.070,85.341.000,0,128.356.000,128.142.070
2023.11,26/11/2023,31.690.000,19.115.000,18.815.160,52.240.000,0,103.045.000,102.745.160
2023.11,27/11/2023,19.817.000,5.300.000,5.226.200,19.110.000,0,44.227.000,44.153.200
2023.11,28/11/2023,10.660.000,5.200.000,5.108.100,21.855.000,0,37.715.000,37.623.100
2023.11,29/11/2023,6.005.000,0,0,19.950.000,0,25.955.000,25.955.000
2023.11,30/11/2023,7.300.000,4.810.000,4.752.000,27.765.000,0,39.875.000,39.817.000
2023.12,01/12/2023,7.400.000,3.870.000,3.808.080,28.242.000,0,39.512.000,39.450.080
2023.12,02/12/2023,18.355.000,9.900.000,9.740.300,84.900.000,0,113.155.000,112.995.300
2023.12,03/12/2023,30.485.000,6.110.000,6.025.240,39.825.555,0,76.420.555,76.335.795
2023.12,04/12/2023,4.400.000,2.500.000,2.452.800,22.400.000,0,29.300.000,29.252.800
2023.12,05/12/2023,9.320.000,3.750.000,3.682.200,30.122.000,0,43.192.000,43.124.200
2023.12,06/12/2023,9.150.000,3.800.000,3.742.200,59.323.000,0,72.273.000,72.215.200
2023.12,07/12/2023,19.755.000,5.250.000,5.166.000,34.670.000,0,59.675.000,59.591.000
2023.12,08/12/2023,16.460.000,8.145.000,8.014.680,33.890.000,300.000,58.495.000,58.364.680
2023.12,09/12/2023,5.200.000,22.560.000,22.254.040,33.725.000,0,61.485.000,61.179.040
2023.12,10/12/2023,31.965.000,6.025.000,5.919.300,43.911.817,0,81.901.817,81.796.117
2023.12,11/12/2023,19.377.000,13.050.000,12.795.200,14.685.000,0,47.112.000,46.857.200
2023.12,12/12/2023,11.625.000,10.550.000,10.396.700,26.270.000,0,48.445.000,48.291.700
2023.12,13/12/2023,17.132.000,8.250.000,8.118.000,64.015.000,0,89.397.000,89.265.000
2023.12,14/12/2023,2.000.000,2.950.000,2.915.800,8.500.000,0,13.450.000,13.415.800
2023.12,15/12/2023,24.780.000,5.535.000,5.446.440,31.572.000,0,61.887.000,61.798.440
2023.12,16/12/2023,4.100.000,6.680.000,6.575.620,15.000.000,0,25.780.000,25.675.620
2023.12,17/12/2023,34.225.000,4.300.000,4.231.200,26.520.000,0,65.045.000,64.976.200
2023.12,18/12/2023,28.212.000,1.660.000,1.633.440,27.595.000,0,57.467.000,57.440.440
2023.12,19/12/2023,9.645.000,8.150.000,8.033.100,13.830.000,0,31.625.000,31.508.100
2023.12,20/12/2023,5.500.000,22.216.666,21.861.199,25.195.000,0,52.911.666,52.556.199
2023.12,21/12/2023,16.715.000,6.500.000,6.399.000,43.780.000,0,66.995.000,66.894.000
2023.12,22/12/2023,9.330.000,10.785.000,10.587.230,17.100.000,0,37.215.000,37.017.230
2023.12,23/12/2023,13.370.000,11.360.000,11.169.240,12.402.380,0,37.132.380,36.941.620
2023.12,24/12/2023,44.825.000,12.675.000,12.472.200,26.305.000,0,83.805.000,83.602.200
2023.12,25/12/2023,9.312.000,6.435.000,6.332.040,44.890.000,0,60.637.000,60.534.040
2023.12,26/12/2023,11.475.000,4.253.846,4.175.784,21.990.000,0,37.718.846,37.640.784
2023.12,27/12/2023,9.475.000,14.350.000,14.130.400,11.455.000,0,35.280.000,35.060.400
2023.12,28/12/2023,14.120.000,10.700.000,10.528.800,31.565.000,0,56.385.000,56.213.800
2023.12,29/12/2023,1.250.000,1.500.000,1.476.000,16.015.000,0,18.765.000,18.741.000
2023.12,30/12/2023,13.190.000,4.950.000,4.886.800,22.570.000,0,40.710.000,40.646.800
2023.12,31/12/2023,21.742.555,9.395.000,9.237.680,36.267.000,0,67.404.555,67.247.235
2024.01,01/01/2024,0,0,0,0,0,0,0
2024.01,02/01/2024,9.895.000,29.515.000,20.046.710,9.665.000,0,49.075.000,19.560.000
2024.01,03/01/2024,13.887.000,12.195.000,11.989.880,25.318.000,0,51.400.000,51.194.880
2024.01,04/01/2024,16.850.000,25.740.000,25.334.660,19.755.000,0,62.345.000,61.939.660
2024.01,05/01/2024,10.050.000,20.050.000,19.730.200,61.067.000,0,91.167.000,90.847.200
2024.01,06/01/2024,24.269.000,68.380.000,67.317.420,36.465.000,0,129.114.000,128.051.420
2024.01,07/01/2024,19.055.000,27.455.000,27.015.720,43.418.333,0,89.928.333,89.489.053
2024.01,08/01/2024,40.495.000,5.505.000,5.421.870,35.787.000,0,81.787.000,81.703.870
2024.01,09/01/2024,12.780.000,4.645.000,4.577.860,17.155.000,0,34.580.000,34.512.860
2024.01,10/01/2024,8.232.000,4.585.000,4.516.590,34.065.000,0,46.882.000,46.813.590
2024.01,11/01/2024,13.145.000,3.250.000,3.198.000,27.380.818,0,43.775.818,43.723.818
2024.01,12/01/2024,11.955.000,7.695.000,7.568.180,47.172.000,0,66.822.000,66.695.180
2024.01,13/01/2024,33.926.000,17.380.000,17.100.450,26.015.000,0,77.321.000,77.041.450
2024.01,14/01/2024,5.950.000,1.660.000,1.633.440,28.690.000,0,36.300.000,36.273.440
2024.01,15/01/2024,6.780.000,7.650.000,7.527.600,43.052.000,0,57.482.000,57.359.600
2024.01,16/01/2024,9.875.000,4.850.000,4.764.300,27.375.000,0,42.100.000,42.014.300
2024.01,17/01/2024,7.245.000,1.450.000,1.426.800,17.286.666,0,25.981.666,25.958.466
2024.01,18/01/2024,10.195.000,7.100.000,6.977.200,40.945.000,0,58.240.000,58.117.200
2024.01,19/01/2024,9.470.000,9.955.000,9.784.800,33.505.000,0,52.930.000,52.759.800
2024.01,20/01/2024,12.907.000,9.190.000,9.035.960,33.171.666,0,55.268.666,55.114.626
2024.01,21/01/2024,23.950.000,13.130.000,12.925.370,33.335.000,0,70.415.000,70.210.370
2024.01,22/01/2024,6.891.000,16.145.000,15.886.370,21.451.666,0,44.487.666,44.229.036
2024.01,23/01/2024,16.305.000,3.715.000,3.655.540,18.177.000,0,38.197.000,38.137.540
2024.01,24/01/2024,7.180.000,245.000,241.080,25.535.000,0,32.960.000,32.956.080
2024.01,25/01/2024,5.900.000,2.100.000,2.061.400,39.465.000,0,47.465.000,47.426.400
2024.01,26/01/2024,28.960.000,4.194.444,4.127.333,37.735.000,0,70.889.444,70.822.333
2024.01,27/01/2024,10.940.000,9.495.000,9.294.680,33.790.555,0,54.225.555,54.025.235
2024.01,28/01/2024,27.715.000,24.010.000,23.625.840,49.224.000,0,100.949.000,100.564.840
2024.01,29/01/2024,12.965.000,3.095.000,3.049.010,7.070.000,0,23.130.000,23.084.010
2024.01,30/01/2024,7.495.000,15.245.000,15.001.080,19.940.000,0,42.680.000,42.436.080
2024.01,31/01/2024,4.590.000,2.450.000,2.410.800,28.982.000,0,36.022.000,35.982.800
2024.02,01/02/2024,17.810.000,19.265.000,18.933.460,30.231.000,0,67.306.000,66.974.460
2024.02,02/02/2024,7.900.000,12.790.000,12.573.360,35.035.000,0,55.725.000,55.508.360
2024.02,03/02/2024,20.075.000,8.750.000,8.643.500,25.415.000,0,54.240.000,54.133.500
2024.02,04/02/2024,5.450.000,2.500.000,2.442.160,5.850.000,0,13.800.000,13.742.160
2024.02,05/02/2024,0,0,0,0,0,0,0
2024.02,06/02/2024,0,0,0,0,0,0,0
2024.02,07/02/2024,0,0,0,0,0,0,0
2024.02,08/02/2024,0,0,0,0,0,0,0
2024.02,09/02/2024,0,0,0,0,0,0,0
2024.02,10/02/2024,0,0,0,0,0,0,0
2024.02,11/02/2024,0,0,0,0,0,0,0
2024.02,12/02/2024,0,0,0,0,0,0,0
2024.02,13/02/2024,0,0,0,0,0,0,0
2024.02,14/02/2024,0,0,0,0,0,0,0
2024.02,15/02/2024,0,0,0,0,0,0,0
2024.02,16/02/2024,0,0,0,0,0,0,0
2024.02,17/02/2024,0,0,0,0,0,0,0
2024.02,18/02/2024,9.840.000,23.112.500,22.755.825,41.387.000,0,74.339.500,73.982.825
2024.02,19/02/2024,18.172.000,8.050.000,7.921.200,22.523.110,0,48.745.110,48.616.310
2024.02,20/02/2024,15.050.000,12.850.000,12.638.300,24.140.000,0,52.040.000,51.828.300
2024.02,21/02/2024,7.100.000,1.330.000,1.322.020,33.751.000,0,42.181.000,42.173.020
2024.02,22/02/2024,16.717.000,8.165.000,8.016.970,27.370.000,0,52.252.000,52.103.970
2024.02,23/02/2024,19.130.000,15.399.444,15.156.053,30.150.000,0,64.679.444,64.436.053
2024.02,24/02/2024,27.210.000,16.105.000,15.840.770,87.684.000,0,130.999.000,130.734.770
2024.02,25/02/2024,34.396.000,14.150.000,13.914.900,44.757.028,0,93.303.028,93.067.928
2024.02,26/02/2024,3.645.000,4.050.000,3.985.200,31.760.000,0,39.455.000,39.390.200
2024.02,27/02/2024,23.315.000,5.630.000,5.523.540,30.375.000,0,59.320.000,59.213.540
2024.02,28/02/2024,16.394.000,5.500.000,5.414.500,42.228.000,0,64.122.000,64.036.500
2024.02,29/02/2024,18.550.000,4.530.000,4.457.510,57.075.000,0,80.155.000,80.082.510
2024.03,01/03/2024,10.100.000,6.595.000,6.501.480,64.461.000,0,81.156.000,81.062.480
2024.03,02/03/2024,17.906.000,23.100.000,22.743.400,64.734.000,0,105.740.000,105.383.400
2024.03,03/03/2024,26.327.000,8.695.000,8.555.880,38.581.818,0,73.603.818,73.464.698
2024.03,04/03/2024,21.995.000,5.500.000,5.412.000,23.570.000,0,51.065.000,50.977.000
2024.03,05/03/2024,8.700.000,8.180.000,8.039.040,37.966.666,500.000,54.346.666,54.205.706
2024.03,06/03/2024,19.520.000,245.000,241.080,29.290.000,0,49.055.000,49.051.080
2024.03,07/03/2024,20.175.000,1.395.000,1.384.180,23.340.000,0,44.910.000,44.899.180
2024.03,08/03/2024,3.420.000,3.050.000,3.001.200,8.990.000,0,15.460.000,15.411.200
2024.03,09/03/2024,22.720.000,4.985.000,4.913.400,81.630.000,0,109.335.000,109.263.400
2024.03,10/03/2024,41.775.000,10.150.000,10.008.600,34.820.000,0,86.745.000,86.603.600
2024.03,11/03/2024,6.595.000,350.000,344.400,15.595.000,0,22.540.000,22.534.400
2024.03,12/03/2024,3.960.000,1.500.000,1.485.000,21.420.000,0,26.880.000,26.865.000
2024.03,13/03/2024,9.190.000,3.632.500,3.598.208,24.702.000,0,37.524.500,37.490.208
2024.03,14/03/2024,6.775.000,19.570.000,19.261.880,15.330.000,0,41.675.000,41.366.880
2024.03,15/03/2024,10.055.000,7.450.000,7.328.790,50.210.000,0,67.715.000,67.593.790
2024.03,16/03/2024,17.375.000,10.060.000,9.904.640,42.649.000,0,70.084.000,69.928.640
2024.03,17/03/2024,29.660.000,10.395.000,10.228.640,18.220.000,0,58.275.000,58.108.640
2024.03,18/03/2024,12.057.000,5.916.666,5.821.999,13.755.000,0,31.728.666,31.633.999
2024.03,19/03/2024,15.225.000,4.405.000,4.334.520,39.560.000,0,59.190.000,59.119.520
2024.03,20/03/2024,3.975.000,0,0,19.600.000,0,23.575.000,23.575.000
2024.03,21/03/2024,29.225.000,2.550.000,2.509.200,44.025.000,0,75.800.000,75.759.200
2024.03,22/03/2024,11.690.000,7.550.000,7.429.180,46.865.000,0,66.105.000,65.984.180
2024.03,23/03/2024,30.220.000,15.040.000,14.801.060,83.240.000,0,128.500.000,128.261.060
2024.03,24/03/2024,65.755.000,5.854.444,5.760.773,46.262.028,0,117.871.472,117.777.801
2024.03,25/03/2024,12.785.000,6.600.000,6.474.400,42.816.666,0,62.201.666,62.076.066
2024.03,26/03/2024,14.380.000,7.000.000,6.894.500,22.245.000,0,43.625.000,43.519.500
2024.03,27/03/2024,12.135.000,6.745.000,6.637.080,45.250.000,0,64.130.000,64.022.080
2024.03,28/03/2024,22.280.000,10.025.000,9.864.600,34.960.000,0,67.265.000,67.104.600
2024.03,29/03/2024,10.717.000,5.200.000,5.125.800,46.211.666,0,62.128.666,62.054.466
2024.03,30/03/2024,19.035.000,22.140.000,21.757.455,91.528.714,0,132.703.714,132.321.169
2024.03,31/03/2024,36.585.000,6.250.000,6.150.000,22.895.000,0,65.730.000,65.630.000
2024.04,01/04/2024,5.200.000,0,0,18.950.000,0,24.150.000,24.150.000
2024.04,02/04/2024,15.510.000,7.620.000,7.488.480,46.764.444,0,69.894.444,69.762.924
2024.04,03/04/2024,3.545.000,8.950.000,8.809.800,12.250.000,0,24.745.000,24.604.800
2024.04,04/04/2024,10.610.000,6.595.000,6.498.580,50.487.727,0,67.692.727,67.596.307
2024.04,05/04/2024,8.060.000,2.450.000,2.412.800,36.210.000,1.895.000,44.825.000,44.787.800
2024.04,06/04/2024,24.412.000,11.085.000,10.908.840,37.759.666,0,73.256.666,73.080.506
2024.04,07/04/2024,15.065.000,11.135.000,10.956.840,51.905.000,0,78.105.000,77.926.840
2024.04,08/04/2024,5.750.000,2.900.000,2.853.600,22.050.000,0,30.700.000,30.653.600
2024.04,09/04/2024,560.000,1.050.000,1.033.700,13.910.000,0,15.520.000,15.503.700
2024.04,10/04/2024,2.070.000,2.692.500,2.651.345,17.812.000,0,22.574.500,22.533.345
2024.04,11/04/2024,2.060.000,4.680.000,4.597.110,45.210.000,0,51.950.000,51.867.110
2024.04,12/04/2024,7.575.000,8.035.000,7.891.880,21.365.000,0,36.975.000,36.831.880
2024.04,13/04/2024,22.385.000,12.545.000,12.350.280,45.566.000,0,80.496.000,80.301.280
2024.04,14/04/2024,15.685.000,4.200.000,4.132.800,48.868.333,0,68.753.333,68.686.133
2024.04,15/04/2024,5.450.000,6.666.666,6.565.666,21.145.000,0,33.261.666,33.160.666
2024.04,16/04/2024,14.731.000,5.500.000,5.415.000,34.615.000,0,54.846.000,54.761.000
2024.04,17/04/2024,5.770.000,0,0,14.050.000,0,19.820.000,19.820.000
2024.04,18/04/2024,0,0,0,0,0,0,0
2024.04,19/04/2024,10.210.000,3.950.000,3.916.300,29.891.666,0,44.051.666,44.017.966
2024.04,20/04/2024,20.520.000,24.753.846,24.313.377,53.110.909,0,98.384.755,97.944.286
2024.04,21/04/2024,29.515.000,8.344.444,8.208.133,51.417.151,0,89.276.595,89.140.284
2024.04,22/04/2024,6.450.000,2.750.000,2.706.000,30.160.000,0,39.360.000,39.316.000
2024.04,23/04/2024,19.480.000,5.300.000,5.215.200,33.385.000,0,58.165.000,58.080.200
2024.04,24/04/2024,18.767.000,2.350.000,2.315.400,30.342.000,0,51.459.000,51.424.400
2024.04,25/04/2024,13.030.000,20.035.000,19.654.440,95.470.000,0,128.535.000,128.154.440
2024.04,26/04/2024,2.800.000,2.600.000,2.558.400,18.160.000,0,23.560.000,23.518.400
2024.04,27/04/2024,15.500.000,4.695.000,4.625.880,40.655.714,0,60.850.714,60.781.594
2024.04,28/04/2024,23.197.000,10.225.000,10.016.400,32.779.000,0,66.201.000,65.992.400
2024.04,29/04/2024,1.500.000,2.850.000,2.804.400,17.160.000,0,21.510.000,21.464.400
2024.04,30/04/2024,0,0,0,0,0,0,0
2024.05,01/05/2024,0,0,0,0,0,0,0
2024.05,02/05/2024,10.370.000,2.950.000,2.889.100,28.675.909,0,41.995.909,41.935.009
2024.05,03/05/2024,12.450.000,9.800.000,9.643.200,19.295.000,0,41.545.000,41.388.200
2024.05,04/05/2024,15.677.000,7.850.000,7.724.400,34.470.000,0,57.997.000,57.871.400
2024.05,05/05/2024,16.980.000,18.525.000,18.228.600,51.992.500,0,87.497.500,87.201.100
2024.05,06/05/2024,10.050.000,4.000.000,3.939.000,23.544.444,0,37.594.444,37.533.444
2024.05,07/05/2024,12.310.000,5.650.000,5.566.100,32.580.000,0,50.540.000,50.456.100
2024.05,08/05/2024,7.000.000,0,0,14.937.500,1.550.000,20.387.500,20.387.500
2024.05,09/05/2024,7.750.000,3.725.000,3.666.900,19.300.000,0,30.775.000,30.716.900
2024.05,10/05/2024,34.890.000,5.145.000,5.062.680,51.645.332,0,91.680.332,91.598.012
2024.05,11/05/2024,39.470.000,41.560.000,40.872.720,59.620.909,0,140.650.909,139.963.629
2024.05,12/05/2024,30.025.000,2.000.000,1.968.000,64.400.833,0,96.425.833,96.393.833
2024.05,13/05/2024,16.890.000,18.050.000,17.761.200,24.231.666,0,59.171.666,58.882.866
2024.05,14/05/2024,16.310.000,4.350.000,4.283.400,25.365.000,0,46.025.000,45.958.400
2024.05,15/05/2024,4.345.000,1.595.000,1.569.480,8.060.000,0,14.000.000,13.974.480
2024.05,16/05/2024,2.830.000,11.680.000,11.576.620,25.790.000,0,40.300.000,40.196.620
2024.05,17/05/2024,20.232.000,5.395.000,5.330.630,19.560.000,0,45.187.000,45.122.630
2024.05,18/05/2024,30.090.000,10.920.000,10.736.280,42.305.000,0,83.315.000,83.131.280
2024.05,19/05/2024,45.624.000,24.013.333,23.549.670,76.063.000,0,145.700.333,145.236.670
2024.05,20/05/2024,8.910.000,6.000.000,5.904.000,31.722.000,0,46.632.000,46.536.000
2024.05,21/05/2024,11.975.000,3.400.000,3.355.600,47.175.000,0,62.550.000,62.505.600
2024.05,22/05/2024,4.700.000,3.095.000,3.045.480,46.359.000,0,54.154.000,54.104.480
2024.05,23/05/2024,5.245.000,38.495.000,37.887.530,46.844.000,0,90.584.000,89.976.530
2024.05,24/05/2024,3.750.000,6.400.000,6.297.600,35.225.000,0,45.375.000,45.272.600
2024.05,25/05/2024,5.400.000,3.560.000,3.503.040,53.525.714,0,62.485.714,62.428.754
2024.05,26/05/2024,25.087.000,18.350.000,18.056.400,109.653.333,0,153.090.333,152.796.733
2024.05,27/05/2024,15.620.000,350.000,344.400,19.434.000,0,35.404.000,35.398.400
2024.05,28/05/2024,0,1.700.000,1.672.800,16.786.666,0,18.486.666,18.459.466
2024.05,29/05/2024,7.840.000,9.054.444,8.897.573,13.990.833,0,30.885.277,30.728.406
2024.05,30/05/2024,1.700.000,1.350.000,1.328.400,37.191.666,0,40.241.666,40.220.066
2024.05,31/05/2024,11.600.000,5.100.000,5.010.600,15.645.000,0,32.345.000,32.255.600
2024.06,01/06/2024,5.450.000,37.975.000,37.367.400,19.025.000,0,62.450.000,61.842.400
2024.06,02/06/2024,19.048.000,5.267.500,5.212.080,86.440.555,0,110.756.055,110.700.635
2024.06,03/06/2024,8.850.000,5.200.000,5.115.200,28.162.444,0,42.212.444,42.127.644
2024.06,04/06/2024,12.817.000,7.910.000,7.783.440,40.770.000,0,61.497.000,61.370.440
2024.06,05/06/2024,560.000,1.650.000,1.623.600,25.864.000,0,28.074.000,28.047.600
2024.06,06/06/2024,14.250.000,4.185.000,4.118.010,43.740.409,0,62.175.409,62.108.419
2024.06,07/06/2024,2.310.000,7.370.000,7.256.080,47.865.000,0,57.545.000,57.431.080
2024.06,08/06/2024,10.350.000,5.300.000,5.207.100,45.843.875,0,61.493.875,61.400.975
2024.06,09/06/2024,21.888.000,4.970.000,4.872.480,66.046.166,0,92.904.166,92.806.646
2024.06,10/06/2024,25.045.000,20.500.000,20.134.000,56.028.000,0,101.573.000,101.207.000
2024.06,11/06/2024,5.860.000,7.100.000,6.984.200,45.310.000,0,58.270.000,58.154.200
2024.06,12/06/2024,5.800.000,5.792.500,5.717.745,29.114.000,250.000,40.456.500,40.381.745
2024.06,13/06/2024,6.210.000,2.250.000,2.221.500,53.267.000,0,61.727.000,61.698.500
2024.06,14/06/2024,72.718.000,3.950.000,3.886.800,61.805.000,0,138.473.000,138.409.800
2024.06,15/06/2024,14.882.000,10.450.000,10.281.500,43.835.000,0,69.167.000,68.998.500
2024.06,16/06/2024,41.964.000,21.058.333,20.693.000,112.065.373,0,175.087.706,174.722.373
2024.06,17/06/2024,15.743.000,5.000.000,4.920.000,35.395.000,0,56.138.000,56.058.000
2024.06,18/06/2024,11.565.000,5.995.000,5.897.400,28.185.000,0,45.745.000,45.647.400
2024.06,19/06/2024,5.400.000,1.100.000,1.082.400,11.210.000,0,17.710.000,17.692.400
2024.06,20/06/2024,13.940.000,1.750.000,1.722.000,14.030.000,0,29.720.000,29.692.000
2024.06,21/06/2024,16.360.000,5.995.000,5.904.080,44.545.000,0,66.900.000,66.809.080
2024.06,22/06/2024,32.169.000,18.393.000,18.073.894,64.502.714,0,115.064.714,114.745.608
2024.06,23/06/2024,29.994.000,24.122.500,23.732.940,84.126.333,0,138.242.833,137.853.273
2024.06,24/06/2024,5.750.000,8.805.000,8.748.250,16.211.666,0,30.766.666,30.709.916
2024.06,25/06/2024,57.180.000,6.920.000,6.809.280,36.630.000,0,100.730.000,100.619.280
2024.06,26/06/2024,20.959.000,41.180.000,40.529.300,16.376.000,0,78.515.000,77.864.300
2024.06,27/06/2024,4.000.000,21.608.000,21.689.272,19.985.000,0,45.593.000,45.674.272
2024.06,28/06/2024,3.245.000,2.000.000,1.968.000,43.175.000,0,48.420.000,48.388.000
2024.06,29/06/2024,19.920.000,4.508.000,4.435.972,27.450.000,0,51.878.000,51.805.972
2024.06,30/06/2024,17.696.000,5.660.000,5.569.440,82.002.000,0,105.358.000,105.267.440
2024.07,01/07/2024,10.262.000,5.610.000,5.517.740,24.422.000,0,40.294.000,40.201.740
2024.07,02/07/2024,40.160.000,47.245.000,46.470.880,112.260.500,0,199.665.500,198.891.380
2024.07,03/07/2024,21.170.000,6.040.000,5.949.360,28.648.000,0,55.858.000,55.767.360
2024.07,04/07/2024,10.191.000,3.500.000,3.462.500,45.800.000,0,59.491.000,59.453.500
2024.07,05/07/2024,11.145.000,1.800.000,1.771.200,116.759.000,0,129.704.000,129.675.200
2024.07,06/07/2024,6.130.000,3.305.000,3.249.620,50.650.000,0,60.085.000,60.029.620
2024.07,07/07/2024,58.273.000,13.514.444,13.290.413,43.192.651,0,114.980.095,114.756.064
2024.07,08/07/2024,13.450.000,4.350.000,4.280.400,23.642.000,0,41.442.000,41.372.400
2024.07,09/07/2024,12.784.000,5.345.000,5.266.430,32.719.000,0,50.848.000,50.769.430
2024.07,10/07/2024,38.815.000,33.042.500,32.509.745,35.862.833,0,107.720.333,107.187.578
2024.07,11/07/2024,9.565.000,4.650.000,4.566.900,21.847.500,0,36.062.500,35.979.400
2024.07,12/07/2024,50.485.000,3.700.000,3.650.800,77.448.000,0,131.633.000,131.583.800
2024.07,13/07/2024,48.695.000,5.695.000,5.585.880,75.335.714,5.000.000,124.725.714,124.616.594
2024.07,14/07/2024,33.495.000,23.250.000,22.878.000,67.123.666,0,123.868.666,123.496.666
2024.07,15/07/2024,8.050.000,6.545.000,6.440.280,39.870.000,500.000,53.965.000,53.860.280
2024.07,16/07/2024,15.657.000,19.168.000,18.852.012,34.051.555,0,68.876.555,68.560.567
2024.07,17/07/2024,14.183.000,4.378.333,4.308.280,60.280.000,0,78.841.333,78.771.280
2024.07,18/07/2024,11.590.000,13.420.000,13.290.980,73.895.000,0,98.905.000,98.775.980
2024.07,19/07/2024,9.817.000,43.925.000,43.225.200,46.885.000,0,100.627.000,99.927.200
2024.07,20/07/2024,16.654.000,55.150.000,54.300.100,181.149.666,0,252.953.666,252.103.766
2024.07,21/07/2024,33.259.000,14.385.000,13.884.840,67.279.318,0,114.923.318,114.423.158
2024.07,22/07/2024,13.070.000,1.400.000,1.377.600,4.750.000,0,19.220.000,19.197.600
2024.07,23/07/2024,12.012.000,11.350.000,11.191.890,24.280.000,0,47.642.000,47.483.890
2024.07,24/07/2024,9.750.000,3.795.000,3.734.280,27.210.500,0,40.755.500,40.694.780
2024.07,25/07/2024,13.478.000,2.700.000,2.656.800,28.940.909,0,45.118.909,45.075.709
2024.07,26/07/2024,3.150.000,8.550.000,8.401.200,11.750.000,0,23.450.000,23.301.200
2024.07,27/07/2024,45.840.000,3.916.000,3.853.344,47.411.000,0,97.167.000,97.104.344
2024.07,28/07/2024,19.065.000,12.375.000,12.162.750,88.324.666,0,119.764.666,119.552.416
2024.07,29/07/2024,18.747.000,0,0,2.050.000,0,20.797.000,20.797.000
2024.07,30/07/2024,16.447.000,4.650.000,4.566.500,55.195.000,0,76.292.000,76.208.500
2024.07,31/07/2024,12.008.000,36.350.000,35.774.400,32.075.166,0,80.433.166,79.857.566
2024.08,01/08/2024,12.565.000,1.000.000,984.000,48.749.000,0,62.314.000,62.298.000
2024.08,02/08/2024,6.200.000,7.300.000,7.160.800,26.980.000,0,40.480.000,40.340.800
2024.08,03/08/2024,19.598.000,3.150.000,3.099.600,81.732.000,0,104.480.000,104.429.600
2024.08,04/08/2024,18.959.000,4.100.000,4.034.400,124.919.318,500.000,147.478.318,147.412.718
2024.08,05/08/2024,3.865.000,10.672.500,10.501.740,33.377.000,0,47.914.500,47.743.740
2024.08,06/08/2024,0,0,0,0,0,0,0
2024.08,07/08/2024,0,0,0,0,0,0,0
2024.08,08/08/2024,7.618.000,7.227.777,7.104.633,56.292.500,0,71.138.277,71.015.133
2024.08,09/08/2024,7.695.000,12.250.000,12.038.100,67.224.000,0,87.169.000,86.957.100
2024.08,10/08/2024,22.974.000,11.793.333,11.610.640,55.563.666,0,90.330.999,90.148.306
2024.08,11/08/2024,29.570.000,71.600.500,70.561.807,193.968.695,0,295.139.195,294.100.502
2024.08,12/08/2024,21.003.000,9.432.500,9.284.580,32.115.000,0,62.550.500,62.402.580
2024.08,13/08/2024,12.570.000,1.775.000,1.743.600,36.160.000,0,50.505.000,50.473.600
2024.08,14/08/2024,5.717.000,3.500.000,3.444.000,46.321.000,0,55.538.000,55.482.000
2024.08,15/08/2024,8.790.000,7.357.000,7.226.788,59.544.000,250.000,75.441.000,75.310.788
2024.08,16/08/2024,7.387.000,9.460.000,9.315.640,31.613.000,0,48.460.000,48.315.640
2024.08,17/08/2024,21.246.000,19.110.000,18.844.340,48.215.000,0,88.571.000,88.305.340
2024.08,18/08/2024,60.810.000,13.035.000,12.830.000,80.344.318,0,154.189.318,153.984.318
2024.08,19/08/2024,28.152.000,4.900.000,4.820.000,50.750.000,0,83.802.000,83.722.000
2024.08,20/08/2024,18.454.000,18.868.000,18.579.254,33.378.000,0,70.700.000,70.411.254
2024.08,21/08/2024,19.330.000,10.000.000,9.820.228,26.496.833,0,55.826.833,55.647.061
2024.08,22/08/2024,10.488.000,6.500.000,6.438.770,13.590.000,0,30.578.000,30.516.770
2024.08,23/08/2024,8.900.000,60.220.000,59.251.520,23.860.000,0,92.980.000,92.011.520
2024.08,24/08/2024,36.670.000,15.230.000,14.985.520,74.089.500,500.000,125.489.500,125.245.020
2024.08,25/08/2024,17.096.000,7.650.000,7.527.600,59.263.000,0,84.009.000,83.886.600
2024.08,26/08/2024,4.477.000,4.345.000,4.280.680,11.600.000,0,20.422.000,20.357.680
2024.08,27/08/2024,19.362.000,2.000.000,1.973.000,28.734.666,0,50.096.666,50.069.666
2024.08,28/08/2024,25.038.000,32.550.000,32.029.200,99.170.500,0,156.758.500,156.237.700
2024.08,29/08/2024,7.160.000,7.578.333,7.450.240,131.820.000,0,146.558.333,146.430.240
2024.08,30/08/2024,15.400.000,0,0,18.330.000,500.000,33.230.000,33.230.000
2024.08,31/08/2024,1.750.000,4.690.000,4.611.760,63.053.000,0,69.493.000,69.414.760
2024.09,01/09/2024,32.557.000,8.960.000,8.797.455,34.350.000,0,75.867.000,75.704.455
2024.09,02/09/2024,0,0,0,0,0,0,0
2024.09,03/09/2024,73.025.000,0,0,26.295.000,0,99.320.000,99.320.000
2024.09,04/09/2024,7.287.000,6.425.000,6.322.200,16.150.444,0,29.862.444,29.759.644
2024.09,05/09/2024,45.580.000,1.444.444,1.401.001,38.735.000,0,85.759.444,85.716.001
2024.09,06/09/2024,12.491.000,47.000.000,46.258.400,27.426.000,0,86.917.000,86.175.400
2024.09,07/09/2024,19.005.000,43.603.333,42.899.840,80.385.000,0,142.993.333,142.289.840
2024.09,08/09/2024,47.310.000,23.280.000,22.905.000,84.180.484,0,154.770.484,154.395.484
2024.09,09/09/2024,10.295.000,2.700.000,2.656.800,43.731.500,0,56.726.500,56.683.300
2024.09,10/09/2024,16.750.000,3.800.000,3.739.200,85.767.500,0,106.317.500,106.256.700
2024.09,11/09/2024,3.125.000,0,0,30.095.833,0,33.220.833,33.220.833
2024.09,12/09/2024,2.450.000,1.450.000,1.426.800,2.400.000,0,6.300.000,6.276.800
2024.09,13/09/2024,12.137.000,8.680.000,8.551.490,31.794.500,0,52.611.500,52.482.990
2024.09,14/09/2024,16.910.000,14.470.000,14.236.720,140.332.000,0,171.712.000,171.478.720
2024.09,15/09/2024,14.092.000,48.166.000,47.395.440,107.587.055,0,169.845.055,169.074.495
2024.09,16/09/2024,11.775.000,38.545.000,37.874.300,34.199.000,0,84.519.000,83.848.300
2024.09,17/09/2024,9.645.000,13.637.000,13.413.227,23.909.500,0,47.191.500,46.967.727
2024.09,18/09/2024,6.260.000,6.999.000,6.886.216,24.696.500,0,37.955.500,37.842.716
2024.09,19/09/2024,25.739.000,37.983.333,37.346.980,48.218.818,0,111.941.151,111.304.798
2024.09,20/09/2024,6.380.000,4.800.000,4.709.150,13.785.000,0,24.965.000,24.874.150
2024.09,21/09/2024,16.500.000,10.447.500,10.286.275,120.180.000,55.000,147.072.500,146.911.275
2024.09,22/09/2024,30.829.000,12.825.000,12.623.120,88.873.818,0,132.527.818,132.325.938
2024.09,23/09/2024,9.398.000,19.834.000,19.514.176,78.570.000,0,107.802.000,107.482.176
2024.09,24/09/2024,4.232.000,29.525.000,29.050.040,60.235.000,0,93.992.000,93.517.040
2024.09,25/09/2024,1.250.000,5.020.000,4.939.680,21.353.000,0,27.623.000,27.542.680
2024.09,26/09/2024,10.270.000,4.150.000,4.073.160,67.421.500,0,81.841.500,81.764.660
2024.09,27/09/2024,15.302.000,1.300.000,1.282.200,24.256.000,0,40.858.000,40.840.200
2024.09,28/09/2024,29.535.000,50.740.000,49.901.000,59.309.666,0,139.584.666,138.745.666
2024.09,29/09/2024,20.940.000,7.985.000,7.857.240,42.404.500,0,71.329.500,71.201.740
2024.09,30/09/2024,5.267.000,3.700.000,3.640.800,51.233.444,0,60.200.444,60.141.244
2024.10,01/10/2024,6.203.000,1.445.000,1.421.880,35.419.000,0,43.067.000,43.043.880
2024.10,02/10/2024,3.183.000,3.370.000,3.316.080,10.805.000,0,17.358.000,17.304.080
2024.10,03/10/2024,7.205.000,1.794.444,1.765.733,21.565.000,0,30.564.444,30.535.733
2024.10,04/10/2024,11.845.000,2.600.000,2.558.040,42.162.000,0,56.607.000,56.565.040
2024.10,05/10/2024,29.010.000,27.473.333,27.000.223,55.820.000,0,112.303.333,111.830.223
2024.10,06/10/2024,58.822.000,33.028.000,32.488.414,92.955.484,0,184.805.484,184.265.898
2024.10,07/10/2024,7.320.000,12.061.666,11.893.179,63.892.000,0,83.273.666,83.105.179
2024.10,08/10/2024,10.995.000,7.100.000,6.997.900,67.535.500,0,85.630.500,85.528.400
2024.10,09/10/2024,29.395.000,6.200.000,6.084.400,53.909.833,0,89.504.833,89.389.233
2024.10,10/10/2024,34.600.000,0,0,33.434.333,1.050.000,66.984.333,66.984.333
2024.10,11/10/2024,16.994.000,10.030.000,9.572.103,24.205.454,0,51.229.454,50.771.557
2024.10,12/10/2024,16.820.000,12.711.000,12.462.785,68.047.000,0,97.578.000,97.329.785
2024.10,13/10/2024,18.578.000,10.850.000,10.637.940,79.176.333,0,108.604.333,108.392.273
2024.10,14/10/2024,5.458.000,3.350.000,3.285.383,70.651.500,0,79.459.500,79.394.883
2024.10,15/10/2024,3.600.000,28.370.000,27.588.303,36.307.555,0,68.277.555,67.495.858
2024.10,16/10/2024,3.750.000,14.390.000,13.975.192,31.033.500,500.000,48.673.500,48.258.692
2024.10,17/10/2024,7.930.000,4.575.000,4.501.800,62.184.409,0,74.689.409,74.616.209
2024.10,18/10/2024,6.635.000,0,0,22.585.000,0,29.220.000,29.220.000
2024.10,19/10/2024,55.040.000,5.210.000,5.124.840,51.261.000,0,111.511.000,111.425.840
2024.10,20/10/2024,17.983.000,17.710.000,17.431.640,95.247.818,0,130.940.818,130.662.458
2024.10,21/10/2024,10.815.000,8.325.000,8.191.800,42.945.000,0,62.085.000,61.951.800
2024.10,22/10/2024,8.467.000,3.500.000,3.444.000,16.185.000,0,28.152.000,28.096.000
2024.10,23/10/2024,208.000,1.308.000,1.285.800,21.833.000,0,23.349.000,23.326.800
2024.10,24/10/2024,7.845.000,3.530.000,2.284.565,32.411.500,0,43.786.500,42.541.065
2024.10,25/10/2024,5.480.000,5.375.000,5.289.000,38.891.428,0,49.746.428,49.660.428
2024.10,26/10/2024,24.862.000,42.725.000,42.233.320,61.698.000,0,129.285.000,128.793.320
2024.10,27/10/2024,35.893.000,20.613.000,20.277.472,25.009.500,0,81.515.500,81.179.972
2024.10,28/10/2024,12.100.000,7.000.000,6.878.000,43.673.000,0,62.773.000,62.651.000
2024.10,29/10/2024,7.257.000,1.400.000,1.377.600,76.619.000,0,85.276.000,85.253.600
2024.10,30/10/2024,6.210.000,4.140.000,4.073.760,25.486.000,0,35.836.000,35.769.760
2024.10,31/10/2024,5.850.000,31.000.000,30.318.912,57.574.000,0,94.424.000,93.742.912
2024.11,01/11/2024,10.700.000,0,0,28.665.000,0,39.365.000,39.365.000
2024.11,02/11/2024,17.070.000,9.385.833,9.237.585,90.999.000,0,117.454.833,117.306.585
2024.11,03/11/2024,28.010.000,42.540.000,41.860.360,82.381.333,0,152.931.333,152.251.693
2024.11,04/11/2024,8.650.000,0,0,22.453.000,0,31.103.000,31.103.000
2024.11,05/11/2024,11.190.000,9.700.000,9.527.800,53.168.000,0,74.058.000,73.885.800
2024.11,06/11/2024,8.550.000,9.944.444,9.785.333,43.409.000,0,61.903.444,61.744.333
2024.11,07/11/2024,10.278.000,36.433.333,35.857.400,29.781.409,0,76.492.742,75.916.809
2024.11,08/11/2024,2.350.000,1.350.000,1.328.400,21.862.500,0,25.562.500,25.540.900
2024.11,09/11/2024,10.813.000,4.895.000,4.823.180,42.003.818,0,57.711.818,57.639.998
2024.11,10/11/2024,16.303.000,11.300.000,11.119.200,48.574.318,500.000,75.677.318,75.496.518
2024.11,11/11/2024,8.100.000,16.428.000,16.165.152,21.415.000,0,45.943.000,45.680.152
2024.11,12/11/2024,39.600.000,5.245.000,5.163.530,61.079.000,0,105.924.000,105.842.530
2024.11,13/11/2024,8.020.000,8.430.000,8.289.120,36.442.528,0,52.892.528,52.751.648
2024.11,14/11/2024,17.155.000,8.200.000,7.058.030,34.080.000,0,59.435.000,58.293.030
2024.11,15/11/2024,6.909.000,0,0,43.142.555,500.000,49.551.555,49.551.555
2024.11,16/11/2024,12.166.000,48.080.000,47.293.340,45.210.000,0,105.456.000,104.669.340
2024.11,17/11/2024,39.690.000,21.120.000,20.777.880,70.720.000,0,131.530.000,131.187.880
2024.11,18/11/2024,12.870.000,8.832.500,8.690.380,45.188.000,0,66.890.500,66.748.380
2024.11,19/11/2024,8.381.000,30.810.000,30.310.900,25.074.000,0,64.265.000,63.765.900
2024.11,20/11/2024,19.000.000,12.745.000,12.541.080,18.068.000,0,49.813.000,49.609.080
2024.11,21/11/2024,2.610.000,0,0,26.592.000,0,29.202.000,29.202.000
2024.11,22/11/2024,13.553.000,17.760.000,17.560.640,26.235.000,0,57.548.000,57.348.640
2024.11,23/11/2024,26.087.000,23.376.000,23.007.184,54.148.000,0,103.611.000,103.242.184
2024.11,24/11/2024,37.613.000,13.650.000,13.427.800,80.529.318,0,131.792.318,131.570.118
2024.11,25/11/2024,1.600.000,6.532.000,6.413.480,21.420.000,0,29.552.000,29.433.480
2024.11,26/11/2024,6.937.000,4.470.000,4.403.930,25.383.000,0,36.790.000,36.723.930
2024.11,27/11/2024,3.670.000,8.243.000,8.111.112,21.451.500,0,33.364.500,33.232.612
2024.11,28/11/2024,17.178.000,47.565.000,46.611.290,49.853.909,0,114.596.909,113.643.199
2024.11,29/11/2024,8.650.000,4.630.000,4.555.920,16.016.000,0,29.296.000,29.221.920
2024.11,30/11/2024,11.755.000,8.183.333,8.039.933,70.682.000,0,90.620.333,90.476.933
2024.12,01/12/2024,36.985.000,31.728.000,31.214.512,62.045.333,0,130.758.333,130.244.845
2024.12,02/12/2024,12.535.000,4.763.500,4.687.284,40.550.166,0,57.848.666,57.772.450
2024.12,03/12/2024,8.610.000,10.080.000,9.910.020,30.232.000,0,48.922.000,48.752.020
2024.12,04/12/2024,8.008.000,9.409.444,9.288.843,28.748.000,0,46.165.444,46.044.843
2024.12,05/12/2024,2.360.000,3.778.333,3.724.280,29.162.500,0,35.300.833,35.246.780
2024.12,06/12/2024,5.887.000,10.980.000,10.777.180,44.923.500,0,61.790.500,61.587.680
2024.12,07/12/2024,27.356.000,47.940.500,47.089.496,72.135.909,0,147.432.409,146.581.405
2024.12,08/12/2024,33.487.000,15.445.000,15.164.190,103.685.318,0,152.617.318,152.336.508
2024.12,09/12/2024,11.455.000,12.120.000,11.917.190,37.040.818,0,60.615.818,60.413.008
2024.12,10/12/2024,12.500.000,12.500.000,12.308.750,46.504.000,0,71.504.000,71.312.750
2024.12,11/12/2024,10.370.000,7.150.000,7.060.600,36.680.500,0,54.200.500,54.111.100
2024.12,12/12/2024,6.733.000,8.750.000,8.593.500,38.589.000,0,54.072.000,53.915.500
2024.12,13/12/2024,6.565.000,1.300.000,1.279.200,22.728.666,0,30.593.666,30.572.866
2024.12,14/12/2024,20.773.000,45.172.000,44.449.248,64.855.000,0,130.800.000,130.077.248
2024.12,15/12/2024,28.187.000,12.230.000,12.032.640,92.802.555,1.700.000,131.519.555,131.322.195
2024.12,16/12/2024,2.010.000,5.782.500,5.689.180,66.318.500,0,74.111.000,74.017.680
2024.12,17/12/2024,11.704.000,10.912.000,10.728.108,33.570.500,0,56.186.500,56.002.608
2024.12,18/12/2024,9.776.000,0,0,23.125.000,0,32.901.000,32.901.000
2024.12,19/12/2024,3.812.000,1.400.000,1.377.600,9.795.000,0,15.007.000,14.984.600
2024.12,20/12/2024,4.525.000,2.545.000,2.507.280,19.557.714,0,26.627.714,26.589.994
2024.12,21/12/2024,33.385.000,48.250.000,47.478.000,56.368.000,0,138.003.000,137.231.000
2024.12,22/12/2024,40.788.000,6.885.000,6.797.690,75.838.318,0,123.511.318,123.424.008
2024.12,23/12/2024,13.693.000,0,0,41.602.000,0,55.295.000,55.295.000
2024.12,24/12/2024,11.005.000,4.066.000,4.000.744,58.913.000,0,73.984.000,73.918.744
2024.12,25/12/2024,3.200.000,8.274.000,8.141.616,64.430.000,0,75.904.000,75.771.616
2024.12,26/12/2024,12.267.000,1.200.000,1.180.800,23.764.000,0,37.231.000,37.211.800
2024.12,27/12/2024,11.640.000,3.080.000,3.029.920,47.078.500,0,61.798.500,61.748.420
2024.12,28/12/2024,11.545.000,17.440.000,14.868.240,123.242.000,0,152.227.000,149.655.240
2024.12,29/12/2024,32.470.000,10.185.000,10.022.040,71.406.000,0,114.061.000,113.898.040
2024.12,30/12/2024,5.743.000,6.132.500,6.030.060,26.190.333,0,38.065.833,37.963.393
2024.12,31/12/2024,5.890.000,3.630.000,0,33.310.000,0,42.830.000,39.200.000
2025.01,01/01/2025,0,0,0,0,0,0,0
2025.01,02/01/2025,2.445.000,7.000.000,6.893.000,14.260.000,0,23.705.000,23.598.000
2025.01,03/01/2025,7.035.000,11.670.000,11.472.560,42.362.000,150.000,60.917.000,60.719.560
2025.01,04/01/2025,16.506.000,9.791.000,9.620.624,91.503.909,0,117.800.909,117.630.533
2025.01,05/01/2025,35.902.000,80.985.000,79.537.470,64.618.000,350.000,181.155.000,179.707.470
2025.01,06/01/2025,15.225.000,42.650.000,41.898.700,31.173.000,0,89.048.000,88.296.700
2025.01,07/01/2025,15.280.000,8.090.000,7.949.985,42.339.818,0,65.709.818,65.569.803
2025.01,08/01/2025,9.767.000,12.908.777,12.676.419,29.973.500,0,52.649.277,52.416.919
2025.01,09/01/2025,14.183.000,6.980.000,6.841.140,42.683.500,0,63.846.500,63.707.640
2025.01,10/01/2025,15.362.000,6.045.000,5.930.990,95.400.500,0,116.807.500,116.693.490
2025.01,11/01/2025,26.676.000,25.452.500,25.006.280,67.587.500,0,119.716.000,119.269.780
2025.01,12/01/2025,37.344.000,22.240.000,21.839.680,76.604.346,0,136.188.346,135.788.026
2025.01,13/01/2025,11.680.000,12.082.500,11.833.015,47.102.000,0,70.864.500,70.615.015
2025.01,14/01/2025,13.055.000,7.333.333,7.195.133,40.043.500,0,60.431.833,60.293.633
2025.01,15/01/2025,10.110.000,8.916.000,8.780.512,77.277.500,0,96.303.500,96.168.012
2025.01,16/01/2025,12.920.000,2.775.000,2.725.050,46.776.000,0,62.471.000,62.421.050
2025.01,17/01/2025,19.363.000,10.760.000,10.579.320,40.976.500,350.000,70.749.500,70.568.820
2025.01,18/01/2025,24.250.000,60.283.000,59.197.006,133.073.000,0,217.606.000,216.520.006
2025.01,19/01/2025,50.312.000,4.395.000,4.331.890,102.076.151,0,156.783.151,156.720.041
2025.01,20/01/2025,5.673.000,3.835.000,3.765.970,39.310.500,0,48.818.500,48.749.470
2025.01,21/01/2025,30.959.000,7.222.000,7.114.054,80.514.000,0,118.695.000,118.587.054
2025.01,22/01/2025,11.920.500,4.744.000,4.658.608,41.749.500,0,58.414.000,58.328.608
2025.01,23/01/2025,0,0,0,245.000,0,245.000,245.000
2025.01,24/01/2025,0,0,0,4.010.000,0,4.010.000,4.010.000
2025.01,25/01/2025,0,0,0,0,0,0,0
2025.01,26/01/2025,0,0,0,0,0,0,0
2025.01,27/01/2025,0,0,0,0,0,0,0
2025.01,28/01/2025,0,0,0,0,0,0,0
2025.01,29/01/2025,0,0,0,0,0,0,0
2025.01,30/01/2025,0,0,0,0,0,0,0
2025.01,31/01/2025,0,0,0,0,0,0,0
2025.02,01/02/2025,0,0,0,0,0,0,0
2025.02,02/02/2025,0,0,0,0,0,0,0
2025.02,03/02/2025,0,0,0,0,0,0,0
2025.02,04/02/2025,0,0,0,0,0,0,0
2025.02,05/02/2025,0,0,0,0,0,0,0
2025.02,06/02/2025,0,0,0,0,0,0,0
2025.02,07/02/2025,3.050.000,1.300.000,1.271.400,55.447.984,0,59.797.984,59.769.384
2025.02,08/02/2025,22.886.000,6.678.333,6.558.123,50.692.000,0,80.256.333,80.136.123
2025.02,09/02/2025,46.873.000,49.385.000,48.496.070,110.622.000,0,206.880.000,205.991.070
2025.02,10/02/2025,18.795.000,9.575.000,9.417.650,41.553.000,2.000.000,67.923.000,67.765.650
2025.02,11/02/2025,10.533.000,8.333.000,8.176.006,74.481.000,0,93.347.000,93.190.006
2025.02,12/02/2025,22.732.000,9.815.000,9.645.330,55.560.666,0,88.107.666,87.937.996
2025.02,13/02/2025,16.723.000,23.065.000,22.652.280,41.675.500,0,81.463.500,81.050.780
2025.02,14/02/2025,11.862.000,15.585.000,15.324.720,52.912.000,0,80.359.000,80.098.720
2025.02,15/02/2025,30.365.000,19.292.500,18.977.760,95.898.000,1.500.000,144.055.500,143.740.760
2025.02,16/02/2025,40.495.000,52.430.000,51.486.080,72.562.636,0,165.487.636,164.543.716
2025.02,17/02/2025,25.477.000,19.330.000,18.977.860,56.836.166,350.000,101.293.166,100.941.026
2025.02,18/02/2025,17.537.000,12.742.000,12.539.244,74.999.000,0,105.278.000,105.075.244
2025.02,19/02/2025,25.275.000,19.344.000,19.035.208,66.423.695,0,111.042.695,110.733.903
2025.02,20/02/2025,21.735.000,11.544.444,11.432.524,48.379.500,0,81.658.944,81.547.024
2025.02,21/02/2025,7.839.000,1.810.000,1.777.420,53.823.000,0,63.472.000,63.439.420
2025.02,22/02/2025,29.625.000,1.916.000,1.881.512,195.464.000,0,227.005.000,226.970.512
2025.02,23/02/2025,94.799.000,24.516.000,24.074.712,118.794.833,350.000,237.759.833,237.318.545
2025.02,24/02/2025,8.680.000,1.577.500,1.549.105,41.159.499,0,51.416.999,51.388.604
2025.02,25/02/2025,9.492.000,0,0,21.987.000,0,31.479.000,31.479.000
2025.02,26/02/2025,7.310.000,16.430.000,16.217.660,21.758.000,300.000,45.198.000,44.985.660
2025.02,27/02/2025,4.558.000,0,0,28.430.000,0,32.988.000,32.988.000
2025.02,28/02/2025,2.250.000,2.885.000,2.856.920,48.296.000,0,53.431.000,53.402.920
2025.03,01/03/2025,31.100.000,38.770.000,38.091.945,103.550.500,0,173.420.500,172.742.445
2025.03,02/03/2025,27.597.000,12.217.500,11.997.585,76.139.000,0,115.953.500,115.733.585
2025.03,03/03/2025,15.510.000,0,0,5.008.000,0,20.518.000,20.518.000
2025.03,04/03/2025,39.438.000,3.900.000,3.829.800,35.615.500,0,78.953.500,78.883.300
2025.03,05/03/2025,2.545.000,0,0,7.115.000,0,9.660.000,9.660.000
2025.03,06/03/2025,1.950.000,3.220.000,3.162.040,43.426.000,500.000,48.096.000,48.038.040
2025.03,07/03/2025,17.793.000,1.550.000,1.522.100,45.459.166,0,64.802.166,64.774.266
2025.03,08/03/2025,18.850.000,10.294.333,10.112.535,51.647.000,0,80.791.333,80.609.535
2025.03,09/03/2025,74.987.000,15.953.000,15.674.846,160.467.000,0,251.407.000,251.128.846
2025.03,10/03/2025,5.780.000,9.175.000,9.025.850,46.338.000,0,61.293.000,61.143.850
2025.03,11/03/2025,2.350.000,0,0,106.698.500,0,109.048.500,109.048.500
2025.03,12/03/2025,1.650.000,13.807.000,13.572.474,81.204.000,0,96.661.000,96.426.474
2025.03,13/03/2025,26.541.000,3.450.000,3.387.900,52.573.000,0,82.564.000,82.501.900
2025.03,14/03/2025,9.465.000,7.720.000,7.611.840,53.912.500,0,71.097.500,70.989.340
2025.03,15/03/2025,44.128.000,41.264.500,40.563.764,79.308.000,500.000,164.200.500,163.499.764
2025.03,16/03/2025,61.122.000,22.040.000,21.628.280,88.569.318,0,171.731.318,171.319.598
2025.03,17/03/2025,12.516.000,3.670.000,3.638.190,17.855.000,0,34.041.000,34.009.190
2025.03,18/03/2025,15.892.000,8.160.000,8.039.720,61.595.000,0,85.647.000,85.526.720
2025.03,19/03/2025,0,0,0,9.650.000,0,9.650.000,9.650.000
2025.03,20/03/2025,56.230.000,15.522.000,15.289.104,61.777.000,0,133.529.000,133.296.104
2025.03,21/03/2025,350.000,2.780.000,2.729.960,42.591.380,0,45.721.380,45.671.340
2025.03,22/03/2025,18.105.000,22.170.000,21.770.940,93.860.000,2.500.000,131.635.000,131.235.940
2025.03,23/03/2025,27.133.000,17.494.444,17.179.544,123.622.318,0,168.249.762,167.934.862
2025.03,24/03/2025,7.492.000,5.482.500,5.383.815,34.264.666,0,47.239.166,47.140.481
2025.03,25/03/2025,10.490.000,3.245.000,3.186.590,18.095.000,0,31.830.000,31.771.590
2025.03,26/03/2025,7.612.000,13.040.000,12.805.280,62.977.500,0,83.629.500,83.394.780
2025.03,27/03/2025,10.689.000,6.043.000,5.934.226,42.559.500,0,59.291.500,59.182.726
2025.03,28/03/2025,42.212.000,5.940.000,5.856.930,42.675.000,0,90.827.000,90.743.930
2025.03,29/03/2025,22.677.000,2.661.000,2.613.102,65.062.818,0,90.400.818,90.352.920
2025.03,30/03/2025,36.051.000,38.960.000,38.111.920,78.756.000,0,153.767.000,152.918.920
2025.03,31/03/2025,5.900.000,1.600.000,1.571.200,20.202.000,0,27.702.000,27.673.200
2025.04,01/04/2025,17.660.000,22.750.000,22.360.500,50.118.000,0,90.528.000,90.138.500
2025.04,02/04/2025,3.650.000,6.666.000,4.827.512,20.405.333,0,30.721.333,28.882.845
2025.04,03/04/2025,6.465.000,5.790.000,5.685.780,42.055.000,0,54.310.000,54.205.780
2025.04,04/04/2025,10.632.000,500.000,491.000,26.427.000,0,37.559.000,37.550.000
2025.04,05/04/2025,13.076.000,10.896.000,10.699.872,56.972.000,0,80.944.000,80.747.872
2025.04,06/04/2025,29.483.000,16.547.000,16.249.154,99.098.000,0,145.128.000,144.830.154
2025.04,07/04/2025,0,0,0,0,0,0,0
2025.04,08/04/2025,23.819.000,6.723.000,6.617.986,87.583.000,0,118.125.000,118.019.986
2025.04,09/04/2025,13.276.000,24.408.500,23.995.072,33.408.000,0,71.092.500,70.679.072
2025.04,10/04/2025,8.440.000,3.285.000,3.225.870,35.289.500,0,47.014.500,46.955.370
2025.04,11/04/2025,7.865.000,10.920.000,10.723.440,122.630.500,500.000,140.915.500,140.718.940
2025.04,12/04/2025,11.833.000,20.298.500,19.933.127,72.135.000,0,104.266.500,103.901.127
2025.04,13/04/2025,49.982.000,16.835.000,16.522.470,123.603.000,0,190.420.000,190.107.470
2025.04,14/04/2025,6.400.000,2.995.000,2.941.090,13.383.000,0,22.778.000,22.724.090
2025.04,15/04/2025,9.793.000,16.050.000,15.761.100,52.671.000,0,78.514.000,78.225.100
2025.04,16/04/2025,3.800.000,3.150.000,3.093.300,33.009.500,0,39.959.500,39.902.800
2025.04,17/04/2025,41.467.000,14.270.000,14.040.710,52.506.500,0,108.243.500,108.014.210
2025.04,18/04/2025,6.216.000,6.250.000,6.171.750,48.015.714,0,60.481.714,60.403.464
2025.04,19/04/2025,23.440.000,19.690.000,19.367.180,75.824.000,0,118.954.000,118.631.180
2025.04,20/04/2025,36.655.500,29.433.000,28.903.206,121.159.136,500.000,186.747.636,186.217.842
2025.04,21/04/2025,6.740.000,1.332.500,1.308.515,70.494.166,0,78.566.666,78.542.681
2025.04,22/04/2025,4.966.000,1.250.000,1.227.500,49.138.000,0,55.354.000,55.331.500
2025.04,23/04/2025,4.360.000,0,0,31.395.000,0,35.755.000,35.755.000
2025.04,24/04/2025,16.706.000,26.468.000,25.995.076,94.444.695,0,137.618.695,137.145.771
2025.04,25/04/2025,9.920.000,2.385.000,2.342.070,29.143.666,0,41.448.666,41.405.736
2025.04,26/04/2025,13.415.000,7.283.333,7.150.533,95.303.000,0,116.001.333,115.868.533
2025.04,27/04/2025,17.700.000,7.110.444,6.982.456,123.728.000,0,148.538.444,148.410.456
2025.04,28/04/2025,10.540.000,1.812.000,1.779.384,27.308.000,0,39.660.000,39.627.384
2025.04,29/04/2025,4.230.000,4.895.000,4.806.890,15.113.500,2.000.000,22.238.500,22.150.390
2025.04,30/04/2025,0,0,0,0,0,0,0
2025.05,01/05/2025,0,0,0,0,0,0,0
2025.05,02/05/2025,7.995.000,4.000.000,3.922.000,25.740.000,0,37.735.000,37.657.000
2025.05,03/05/2025,6.890.000,14.654.000,14.404.228,7.820.000,0,29.364.000,29.114.228
2025.05,04/05/2025,25.540.000,9.731.000,9.555.842,86.058.333,0,121.329.333,121.154.175
2025.05,05/05/2025,8.160.000,6.000.000,5.892.000,23.020.000,0,37.180.000,37.072.000
2025.05,06/05/2025,11.132.000,43.751.000,42.963.482,99.471.000,0,154.354.000,153.566.482
2025.05,07/05/2025,9.056.000,7.017.500,6.892.110,71.993.000,0,88.066.500,87.941.110
2025.05,08/05/2025,15.160.000,9.995.000,9.805.190,44.214.000,0,69.369.000,69.179.190
2025.05,09/05/2025,14.270.000,5.580.000,5.498.935,81.669.000,0,101.519.000,101.437.935
2025.05,10/05/2025,18.323.000,12.752.000,12.522.464,61.033.727,0,92.108.727,91.879.191
2025.05,11/05/2025,36.576.000,24.947.000,24.503.343,94.261.000,0,155.784.000,155.340.343
2025.05,12/05/2025,13.245.000,1.600.000,1.571.200,19.029.000,0,33.874.000,33.845.200
2025.05,13/05/2025,17.497.000,40.300.000,39.574.600,57.600.500,0,115.397.500,114.672.100
2025.05,14/05/2025,9.390.000,15.360.000,15.128.720,90.952.000,0,115.702.000,115.470.720
2025.05,15/05/2025,17.216.000,5.163.000,5.070.066,70.255.500,0,92.634.500,92.541.566
2025.05,16/05/2025,17.200.000,1.300.000,1.289.600,23.062.000,0,41.562.000,41.551.600
2025.05,17/05/2025,40.608.000,7.660.000,7.522.120,153.967.000,0,202.235.000,202.097.120
2025.05,18/05/2025,52.755.000,11.135.000,10.934.570,100.216.000,0,164.106.000,163.905.570
2025.05,19/05/2025,9.051.000,745.000,731.059,37.174.000,0,46.970.000,46.956.059
2025.05,20/05/2025,8.145.000,6.140.000,6.039.280,41.905.000,0,56.190.000,56.089.280
2025.05,21/05/2025,15.985.000,5.660.000,5.558.120,26.970.000,0,48.615.000,48.513.120
2025.05,22/05/2025,13.428.000,5.610.000,5.509.020,138.249.000,0,157.287.000,157.186.020
2025.05,23/05/2025,28.350.000,0,0,75.537.000,0,103.887.000,103.887.000
2025.05,24/05/2025,29.345.000,5.160.000,5.098.720,58.585.000,0,93.090.000,93.028.720
2025.05,25/05/2025,36.100.000,16.240.000,15.966.430,61.706.818,0,114.046.818,113.773.248
2025.05,26/05/2025,8.030.500,0,0,53.430.000,0,61.460.500,61.460.500
2025.05,27/05/2025,20.068.000,0,0,60.044.500,0,80.112.500,80.112.500
2025.05,28/05/2025,9.098.000,6.107.000,5.996.094,47.589.000,0,62.794.000,62.683.094
2025.05,29/05/2025,5.160.000,6.020.000,5.957.040,24.913.000,0,36.093.000,36.030.040
2025.05,30/05/2025,5.930.000,4.195.000,4.119.490,40.888.000,0,51.013.000,50.937.490
2025.05,31/05/2025,19.335.000,8.199.333,8.048.871,46.711.000,0,74.245.333,74.094.871
2025.06,01/06/2025,59.688.000,18.145.000,17.818.390,117.201.116,0,195.034.116,194.707.506
2025.06,02/06/2025,9.075.000,4.200.000,4.124.400,20.359.000,0,33.634.000,33.558.400
2025.06,03/06/2025,11.895.000,6.010.000,5.901.820,67.653.000,0,85.558.000,85.449.820
2025.06,04/06/2025,11.257.000,18.162.500,17.821.500,58.533.000,0,87.952.500,87.611.500
2025.06,05/06/2025,25.746.000,29.248.000,28.721.736,81.146.000,0,136.140.000,135.613.736
2025.06,06/06/2025,14.185.000,16.645.000,16.366.440,40.166.166,0,70.996.166,70.717.606
2025.06,07/06/2025,15.963.000,20.135.500,19.773.061,48.091.818,900.000,83.290.318,82.927.879
2025.06,08/06/2025,36.118.000,23.720.444,23.345.476,123.000.817,0,182.839.261,182.464.293
2025.06,09/06/2025,5.912.000,1.022.500,1.004.095,69.025.000,0,75.959.500,75.941.095
2025.06,10/06/2025,7.376.000,2.583.000,2.536.506,24.679.500,0,34.638.500,34.592.006
2025.06,11/06/2025,26.696.000,8.582.000,8.427.524,87.927.333,0,123.205.333,123.050.857
2025.06,12/06/2025,22.220.000,18.986.000,18.644.252,84.382.000,4.000.000,121.588.000,121.246.252
2025.06,13/06/2025,3.285.000,4.375.000,4.296.650,109.352.000,0,117.012.000,116.933.650
2025.06,14/06/2025,48.653.000,15.160.000,14.916.720,95.053.000,0,158.866.000,158.622.720
2025.06,15/06/2025,26.795.000,27.499.000,27.062.618,81.968.000,0,136.262.000,135.825.618
2025.06,16/06/2025,35.740.000,4.911.000,4.822.602,44.980.000,0,85.631.000,85.542.602
2025.06,17/06/2025,78.738.000,4.367.000,4.291.894,72.010.000,0,155.115.000,155.039.894
2025.06,18/06/2025,10.383.000,10.777.000,10.572.014,51.077.818,0,72.237.818,72.032.832
2025.06,19/06/2025,32.241.000,19.872.000,19.514.304,118.846.000,0,170.959.000,170.601.304
2025.06,20/06/2025,55.200.000,0,0,100.981.000,0,156.181.000,156.181.000
2025.06,21/06/2025,72.555.000,9.130.000,8.964.260,175.758.000,0,257.443.000,257.277.260
2025.06,22/06/2025,58.896.000,7.120.000,6.991.840,127.900.500,400.000,193.516.500,193.388.340
2025.06,23/06/2025,14.490.000,6.000.000,5.889.900,42.410.000,0,62.900.000,62.789.900
2025.06,24/06/2025,11.343.000,1.550.000,1.515.900,70.936.800,0,83.829.800,83.795.700
2025.06,25/06/2025,15.090.000,495.000,486.090,64.462.000,0,80.047.000,80.038.090
2025.06,26/06/2025,7.403.000,31.150.000,30.644.300,53.470.500,0,92.023.500,91.517.800
2025.06,27/06/2025,35.241.000,3.800.000,3.731.600,88.463.332,0,127.504.332,127.435.932
2025.06,28/06/2025,11.685.000,2.750.000,2.700.500,84.223.000,0,98.658.000,98.608.500
2025.06,29/06/2025,49.085.000,11.809.166,11.596.601,100.150.695,2.000.000,159.044.861,158.832.296
2025.06,30/06/2025,14.613.000,17.216.000,16.906.112,23.383.000,400.000,54.812.000,54.502.112
2025.07,01/07/2025,10.640.000,6.100.000,5.990.200,133.614.846,0,150.354.846,150.245.046
2025.07,02/07/2025,39.177.000,8.560.000,8.405.920,60.845.500,0,108.582.500,108.428.420
2025.07,03/07/2025,13.195.000,5.970.000,5.862.540,88.720.000,0,107.885.000,107.777.540
2025.07,04/07/2025,22.321.000,11.140.000,10.960.730,91.310.500,0,124.771.500,124.592.230
2025.07,05/07/2025,15.547.000,23.850.000,23.452.300,101.732.000,0,141.129.000,140.731.300
2025.07,06/07/2025,40.014.000,35.646.000,35.004.372,182.486.666,0,258.146.666,257.505.038
2025.07,07/07/2025,9.808.000,0,0,66.378.000,2.000.000,74.186.000,74.186.000
2025.07,08/07/2025,17.500.000,2.933.000,2.880.206,37.225.000,0,57.658.000,57.605.206
2025.07,09/07/2025,17.278.000,5.161.000,5.068.102,54.648.333,0,77.087.333,76.994.435
2025.07,10/07/2025,46.856.000,7.853.000,7.710.746,54.207.000,0,108.916.000,108.773.746
2025.07,11/07/2025,10.495.000,3.000.000,2.946.000,42.631.000,0,56.126.000,56.072.000
2025.07,12/07/2025,18.356.000,25.212.000,24.784.184,49.150.000,0,92.718.000,92.290.184
2025.07,13/07/2025,25.607.000,60.452.000,59.363.864,107.006.833,0,193.065.833,191.977.697
2025.07,14/07/2025,8.300.000,16.466.000,16.169.612,76.623.000,0,101.389.000,101.092.612
2025.07,15/07/2025,26.422.000,4.560.000,4.477.920,125.106.000,0,156.088.000,156.005.920
2025.07,16/07/2025,55.640.000,5.160.000,5.067.120,38.948.500,0,99.748.500,99.655.620
2025.07,17/07/2025,97.860.000,0,0,102.514.000,0,200.374.000,200.374.000
2025.07,18/07/2025,26.305.000,1.560.000,1.531.920,108.021.666,850.000,135.036.666,135.008.586
2025.07,19/07/2025,37.164.000,27.928.500,27.435.787,90.743.818,0,155.836.318,155.343.605
2025.07,20/07/2025,45.341.000,4.775.000,4.689.050,71.469.500,0,121.585.500,121.499.550
2025.07,21/07/2025,19.120.000,5.710.000,5.607.220,63.114.000,1.000.000,86.944.000,86.841.220
2025.07,22/07/2025,30.914.000,6.160.000,6.049.120,48.736.000,0,85.810.000,85.699.120
2025.07,23/07/2025,9.572.000,6.272.000,6.177.474,41.475.000,0,57.319.000,57.224.474
2025.07,24/07/2025,28.300.000,18.236.444,17.935.688,102.673.000,0,149.209.444,148.908.688
2025.07,25/07/2025,19.655.000,2.182.000,2.142.724,21.606.000,0,43.443.000,43.403.724
2025.07,26/07/2025,17.393.000,2.000.000,1.964.000,27.819.000,200.000,47.012.000,46.976.000
2025.07,27/07/2025,47.952.000,26.829.166,26.346.241,100.002.818,0,174.783.984,174.301.059
2025.07,28/07/2025,9.962.000,7.754.000,7.603.428,59.654.000,0,77.370.000,77.219.428
2025.07,29/07/2025,26.113.000,0,0,44.639.000,0,70.752.000,70.752.000
2025.07,30/07/2025,25.515.000,0,0,44.943.909,0,70.458.909,70.458.909
2025.07,31/07/2025,40.620.000,6.230.000,6.112.460,71.832.700,0,118.682.700,118.565.160
2025.08,01/08/2025,17.040.000,13.385.000,13.144.070,73.405.714,0,103.830.714,103.589.784
2025.08,02/08/2025,18.579.000,8.286.000,8.136.852,50.587.000,0,77.452.000,77.302.852
2025.08,03/08/2025,35.213.000,13.904.000,13.653.728,76.091.195,0,125.208.195,124.957.923
2025.08,04/08/2025,9.233.000,19.884.000,19.526.088,35.600.000,0,64.717.000,64.359.088
2025.08,05/08/2025,10.740.000,37.718.000,37.039.076,36.008.000,0,84.466.000,83.787.076
2025.08,06/08/2025,0,0,0,0,0,0,0
2025.08,07/08/2025,0,0,0,0,0,0,0
2025.08,08/08/2025,40.545.000,4.900.000,4.792.200,58.251.000,500.000,103.196.000,103.088.200
2025.08,09/08/2025,26.057.000,2.708.000,2.659.256,140.528.818,13.700.000,155.593.818,155.545.074
2025.08,10/08/2025,29.923.333,66.203.000,66.011.346,81.505.000,0,177.631.333,177.439.679
2025.08,11/08/2025,15.193.000,8.678.000,8.521.796,56.774.000,0,80.645.000,80.488.796
2025.08,12/08/2025,30.344.000,6.696.000,6.575.472,140.340.500,0,177.380.500,177.259.972
2025.08,13/08/2025,27.397.000,23.962.500,23.562.900,84.252.000,0,135.611.500,135.211.900
2025.08,14/08/2025,18.511.000,12.730.000,12.510.912,72.658.000,0,103.899.000,103.679.912
2025.08,15/08/2025,25.625.000,6.855.000,6.752.855,63.050.500,1.000.000,94.530.500,94.428.355
2025.08,16/08/2025,18.940.000,3.633.000,3.567.606,68.991.500,0,91.564.500,91.499.106
2025.08,17/08/2025,40.154.000,7.510.000,7.374.820,108.251.333,0,155.915.333,155.780.153
2025.08,18/08/2025,26.811.000,9.560.000,9.373.580,57.770.000,30.050.000,64.091.000,63.904.580
2025.08,19/08/2025,31.766.000,13.040.000,12.785.720,30.256.000,3.500.000,71.562.000,71.307.720
2025.08,20/08/2025,15.496.000,4.512.000,4.424.016,50.369.500,0,70.377.500,70.289.516
2025.08,21/08/2025,27.095.500,7.837.000,7.695.934,39.813.000,0,74.745.500,74.604.434
2025.08,22/08/2025,2.385.000,0,0,22.919.000,0,25.304.000,25.304.000
2025.08,23/08/2025,16.395.000,14.520.000,14.358.640,63.978.500,0,94.893.500,94.732.140
2025.08,24/08/2025,53.689.000,13.639.166,13.421.161,60.708.818,0,128.036.984,127.818.979
2025.08,25/08/2025,17.974.000,4.237.000,4.160.734,46.832.000,1.000.000,68.043.000,67.966.734
2025.08,26/08/2025,10.665.000,3.035.000,2.978.045,39.260.000,0,52.960.000,52.903.045
2025.08,27/08/2025,23.967.000,3.206.000,3.148.292,102.146.909,0,129.319.909,129.262.201
2025.08,28/08/2025,27.843.000,16.780.000,16.477.960,49.516.500,0,94.139.500,93.837.460
2025.08,29/08/2025,9.139.000,21.710.000,21.319.210,77.293.500,0,108.142.500,107.751.710
2025.08,30/08/2025,7.380.000,11.920.000,9.486.120,77.724.000,0,97.024.000,94.590.120
2025.08,31/08/2025,28.352.000,12.224.000,11.728.040,53.488.666,0,94.064.666,93.568.706
2025.09,01/09/2025,745.000,16.150.000,15.859.300,22.230.000,0,39.125.000,38.834.300
2025.09,02/09/2025,0,0,0,0,0,0,0
2025.09,03/09/2025,28.583.000,7.333.500,6.030.462,29.628.000,0,65.544.500,64.241.462
2025.09,04/09/2025,14.954.000,11.283.000,11.094.829,76.523.000,0,102.760.000,102.571.829
2025.09,05/09/2025,3.797.000,5.760.000,5.677.570,74.845.214,0,84.402.214,84.319.784
2025.09,06/09/2025,8.497.000,16.765.000,16.467.080,78.442.000,0,103.704.000,103.406.080
2025.09,07/09/2025,63.279.000,19.899.000,19.543.818,65.157.500,0,148.335.500,147.980.318
2025.09,08/09/2025,12.522.000,4.301.000,4.223.582,52.801.000,0,69.624.000,69.546.582
2025.09,09/09/2025,6.211.000,59.197.000,58.151.454,78.042.000,0,143.450.000,142.404.454
2025.09,10/09/2025,12.910.000,17.472.000,17.188.304,47.530.000,0,77.912.000,77.628.304
2025.09,11/09/2025,10.620.000,10.823.000,10.628.186,66.001.818,500.000,86.944.818,86.750.004
2025.09,12/09/2025,9.630.000,4.850.000,4.762.700,22.378.000,0,36.858.000,36.770.700
2025.09,13/09/2025,22.140.000,13.317.000,13.077.294,48.565.000,0,84.022.000,83.782.294
2025.09,14/09/2025,47.736.000,19.757.000,19.395.426,92.369.833,0,159.862.833,159.501.259
2025.09,15/09/2025,18.126.000,7.225.000,7.094.950,72.771.500,0,98.122.500,97.992.450
2025.09,16/09/2025,10.715.000,17.068.000,16.763.776,85.738.500,0,113.521.500,113.217.276
2025.09,17/09/2025,16.783.000,1.330.000,1.306.060,90.640.000,0,108.753.000,108.729.060
2025.09,18/09/2025,22.071.000,9.970.000,9.790.520,64.507.500,950.000,95.598.500,95.419.020
2025.09,19/09/2025,31.694.000,2.750.000,2.700.500,41.045.000,0,75.489.000,75.439.500
2025.09,20/09/2025,25.274.000,10.078.000,9.884.116,133.646.000,0,168.998.000,168.804.116
2025.09,21/09/2025,58.289.000,23.755.000,23.327.410,93.887.500,0,175.931.500,175.503.910
2025.09,22/09/2025,4.100.000,5.320.000,5.224.240,43.168.818,0,52.588.818,52.493.058
2025.09,23/09/2025,17.451.000,1.600.000,1.587.200,80.013.000,0,99.064.000,99.051.200
2025.09,24/09/2025,800.000,11.037.000,10.838.334,52.360.500,400.000,63.797.500,63.598.834
2025.09,25/09/2025,14.886.000,3.524.444,3.461.004,39.113.832,0,57.524.276,57.460.836
2025.09,26/09/2025,21.928.000,13.776.000,13.571.782,67.681.000,0,103.385.000,103.180.782
2025.09,27/09/2025,18.705.000,25.417.000,24.946.854,59.408.575,0,103.530.575,103.060.429
2025.09,28/09/2025,36.214.000,9.805.000,9.618.870,65.007.000,0,111.026.000,110.839.870
2025.09,29/09/2025,525.000,0,0,34.949.000,0,35.474.000,35.474.000
2025.09,30/09/2025,3.861.000,13.114.000,12.877.948,33.962.000,0,50.937.000,50.700.948
2025.10,01/10/2025,13.135.000,6.692.500,6.572.960,37.376.000,0,57.203.500,57.083.960
2025.10,02/10/2025,20.024.000,1.450.000,1.413.750,61.866.000,0,83.340.000,83.303.750
2025.10,03/10/2025,3.396.000,12.004.000,11.687.412,64.044.000,0,79.444.000,79.127.412
2025.10,04/10/2025,15.820.000,56.428.500,55.010.287,55.576.000,0,127.824.500,126.406.287
2025.10,05/10/2025,38.697.000,12.588.000,12.267.696,150.795.000,0,202.080.000,201.759.696
2025.10,06/10/2025,46.764.000,7.800.000,7.593.750,60.277.000,0,114.841.000,114.634.750
2025.10,07/10/2025,520.000,1.875.000,1.828.125,41.682.500,0,44.077.500,44.030.625
2025.10,08/10/2025,23.025.000,10.968.000,10.693.800,33.107.000,0,67.100.000,66.825.800
2025.10,09/10/2025,33.909.000,9.283.000,9.076.425,37.531.500,0,80.723.500,80.516.925
2025.10,10/10/2025,10.598.000,1.600.000,1.560.000,51.860.000,1.300.000,62.758.000,62.718.000
2025.10,11/10/2025,19.439.000,15.915.000,15.552.145,94.086.000,0,129.440.000,129.077.145
2025.10,12/10/2025,36.871.000,53.373.000,52.038.675,101.334.818,0,191.578.818,190.244.493
2025.10,13/10/2025,11.226.000,11.768.000,11.473.800,59.352.000,0,82.346.000,82.051.800
2025.10,14/10/2025,12.614.000,1.685.000,1.642.875,45.218.000,0,59.517.000,59.474.875
2025.10,15/10/2025,15.048.666,4.525.000,4.411.875,63.523.636,0,83.097.302,82.984.177
2025.10,16/10/2025,13.143.000,5.060.000,4.980.250,36.368.000,0,54.571.000,54.491.250
2025.10,17/10/2025,20.774.000,0,0,62.693.909,0,83.467.909,83.467.909
2025.10,18/10/2025,32.457.000,11.993.000,11.671.134,104.193.909,400.000,148.243.909,147.922.043
2025.10,19/10/2025,40.450.000,12.583.000,12.268.425,135.890.833,0,188.923.833,188.609.258
2025.10,20/10/2025,10.789.000,5.653.000,5.511.675,66.171.318,0,82.613.318,82.471.993
2025.10,21/10/2025,23.636.000,1.500.000,1.462.500,100.727.000,0,125.863.000,125.825.500
2025.10,22/10/2025,10.812.000,4.390.000,4.280.250,41.552.000,0,56.754.000,56.644.250
2025.10,23/10/2025,6.089.000,3.733.000,3.639.675,74.280.000,0,84.102.000,84.008.675
2025.10,24/10/2025,19.086.000,52.555.000,51.125.835,54.730.000,400.000,125.971.000,124.541.835
2025.10,25/10/2025,37.112.000,21.990.000,21.437.250,56.075.000,1.000.000,114.177.000,113.624.250
2025.10,26/10/2025,30.595.000,8.401.666,8.191.624,62.093.000,500.000,100.589.666,100.379.624
2025.10,27/10/2025,4.970.000,4.450.000,4.338.750,63.736.595,0,73.156.595,73.045.345
2025.10,28/10/2025,12.135.000,4.400.000,4.317.200,75.821.000,500.000,91.856.000,91.773.200
2025.10,29/10/2025,13.500.000,18.830.000,18.359.250,75.668.000,0,107.998.000,107.527.250
2025.10,30/10/2025,4.903.000,13.340.000,13.006.500,57.208.000,0,75.451.000,75.117.500
2025.10,31/10/2025,51.027.000,3.571.000,3.475.692,47.061.000,0,101.659.000,101.563.692
2025.11,01/11/2025,,,,,,,
2025.11,02/11/2025,,,,,,,
2025.11,03/11/2025,,,,,,,
2025.11,04/11/2025,,,,,,,
2025.11,05/11/2025,,,,,,,
2025.11,06/11/2025,,,,,,,
2025.11,07/11/2025,,,,,,,
2025.11,08/11/2025,,,,,,,
2025.11,09/11/2025,,,,,,,
2025.11,10/11/2025,,,,,,,
2025.11,11/11/2025,,,,,,,
2025.11,12/11/2025,,,,,,,
2025.11,13/11/2025,,,,,,,
2025.11,14/11/2025,,,,,,,
2025.11,15/11/2025,,,,,,,
2025.11,16/11/2025,,,,,,,
2025.11,17/11/2025,,,,,,,
2025.11,18/11/2025,,,,,,,
2025.11,19/11/2025,,,,,,,
2025.11,20/11/2025,,,,,,,
2025.11,21/11/2025,,,,,,,
2025.11,22/11/2025,,,,,,,
2025.11,23/11/2025,,,,,,,
2025.11,24/11/2025,,,,,,,
2025.11,25/11/2025,,,,,,,
2025.11,26/11/2025,,,,,,,
2025.11,27/11/2025,,,,,,,
2025.11,28/11/2025,,,,,,,
2025.11,29/11/2025,,,,,,,
2025.11,30/11/2025,,,,,,,
2025.12,01/12/2025,,,,,,,
2025.12,02/12/2025,,,,,,,
2025.12,03/12/2025,,,,,,,
2025.12,04/12/2025,,,,,,,
2025.12,05/12/2025,,,,,,,
2025.12,06/12/2025,,,,,,,
2025.12,07/12/2025,,,,,,,
2025.12,08/12/2025,,,,,,,
2025.12,09/12/2025,,,,,,,
2025.12,10/12/2025,,,,,,,
2025.12,11/12/2025,,,,,,,
2025.12,12/12/2025,,,,,,,
2025.12,13/12/2025,,,,,,,
2025.12,14/12/2025,,,,,,,
2025.12,15/12/2025,,,,,,,
2025.12,16/12/2025,,,,,,,
2025.12,17/12/2025,,,,,,,
2025.12,18/12/2025,,,,,,,
2025.12,19/12/2025,,,,,,,
2025.12,20/12/2025,,,,,,,
2025.12,21/12/2025,,,,,,,
2025.12,22/12/2025,,,,,,,
2025.12,23/12/2025,,,,,,,
2025.12,24/12/2025,,,,,,,
2025.12,25/12/2025,,,,,,,
2025.12,26/12/2025,,,,,,,
2025.12,27/12/2025,,,,,,,
2025.12,28/12/2025,,,,,,,
2025.12,29/12/2025,,,,,,,
2025.12,30/12/2025,,,,,,,
2025.12,31/12/2025,,,,,,,