THÁNG,NGÀY,TIỀN MẶT,CÀ THẺ,THỰC NHẬN CÀ THẺ,CHUYỂN KHOẢN,TRẢ GÓP,TRẢ CỌC,TỔNG,TỔNG TRỪ PHÍ CÀ THẺ
2023.10,01/10/2023,45.600.000,,,,,,33.600.000,33.600.000
2023.10,01/10/2023,44.400.000,,,,,,44.400.000,44.400.000
2023.10,01/10/2023,52.000.000,,,,,,40.000.000,40.000.000
2023.11,01/11/2023,0,0,0,0,0,0,0,0
2023.11,02/11/2023,10.000.000,33.000.000,32.497.000,0,0,0,43.000.000,42.497.000
2023.11,03/11/2023,0,0,0,0,0,0,0,0
2023.11,04/11/2023,0,0,0,0,0,0,0,0
2023.11,05/11/2023,0,0,0,0,0,0,0,0
2023.11,06/11/2023,0,0,0,0,0,0,0,0
2023.11,07/11/2023,0,0,0,0,0,0,0,0
2023.11,08/11/2023,0,0,0,1.000.000,0,0,1.000.000,1.000.000
2023.11,09/11/2023,0,0,0,0,0,0,0,0
2023.11,10/11/2023,0,0,0,0,0,0,0,0
2023.11,11/11/2023,0,0,0,0,0,0,0,0
2023.11,12/11/2023,0,0,0,0,0,0,0,0
2023.11,13/11/2023,0,0,0,0,0,0,0,0
2023.11,14/11/2023,0,0,0,0,0,0,0,0
2023.11,15/11/2023,0,0,0,0,0,0,0,0
2023.11,16/11/2023,0,5.000.000,4.920.000,0,0,0,5.000.000,4.920.000
2023.11,17/11/2023,84.000.000,0,0,0,0,0,84.000.000,84.000.000
2023.11,18/11/2023,30.000.000,0,0,0,0,0,30.000.000,30.000.000
2023.11,19/11/2023,0,5.000.000,4.920.000,0,0,0,5.000.000,4.920.000
2023.11,20/11/2023,0,0,0,0,0,0,0,0
2023.11,21/11/2023,0,0,0,0,0,0,0,0
2023.11,22/11/2023,0,0,0,5.000.000,0,0,5.000.000,5.000.000
2023.11,23/11/2023,50.000.000,25.000.000,24.600.000,22.360.000,0,0,97.360.000,96.960.000
2023.11,24/11/2023,0,0,0,22.800.000,0,0,22.800.000,22.800.000
2023.11,25/11/2023,0,6.500.000,6.387.000,0,0,0,6.500.000,6.387.000
2023.11,26/11/2023,0,0,0,0,0,0,0,0
2023.11,27/11/2023,0,15.300.000,15.055.200,0,0,0,15.300.000,15.055.200
2023.11,28/11/2023,0,0,0,0,0,0,0,0
2023.11,29/11/2023,0,0,0,0,0,0,0,0
2023.11,30/11/2023,10.800.000,0,0,0,0,0,10.800.000,10.800.000
2023.11,30/11/2023,60.000.000,0,0,0,,,60.000.000,60.000.000
2023.12,01/12/2023,0,2.000.000,1.968.000,0,0,0,2.000.000,1.968.000
2023.12,02/12/2023,15.300.000,0,0,84.640.000,0,0,99.940.000,99.940.000
2023.12,03/12/2023,0,6.000.000,5.904.000,10.000.000,0,0,16.000.000,15.904.000
2023.12,04/12/2023,0,5.000.000,4.920.000,0,0,0,5.000.000,4.920.000
2023.12,05/12/2023,0,0,0,0,0,0,0,0
2023.12,06/12/2023,13.265.000,1.060.000,1.045.140,5.620.000,15.120.000,0,35.065.000,35.050.140
2023.12,07/12/2023,0,45.355.000,44.629.140,2.500.000,12.500.000,0,60.355.000,59.629.140
2023.12,08/12/2023,10.609.500,105.900.000,104.205.600,3.050.000,0,0,119.559.500,117.865.100
2023.12,09/12/2023,0,99.000.000,97.416.000,0,0,0,99.000.000,97.416.000
2023.12,10/12/2023,5.600.000,2.850.000,2.804.400,26.415.000,0,0,34.865.000,34.819.400
2023.12,11/12/2023,13.680.000,11.180.000,11.001.120,8.099.500,0,0,32.959.500,32.780.620
2023.12,12/12/2023,2.125.000,0,0,4.865.000,0,0,6.990.000,6.990.000
2023.12,13/12/2023,3.700.000,450.000,447.300,2.250.000,0,0,6.400.000,6.397.300
2023.12,14/12/2023,11.700.000,190.000.000,186.860.000,4.200.000,0,0,205.900.000,202.760.000
2023.12,15/12/2023,0,14.450.000,14.216.800,525.000,0,0,14.975.000,14.741.800
2023.12,16/12/2023,7.200.000,0,0,1.000.000,0,0,8.200.000,8.200.000
2023.12,17/12/2023,4.575.000,28.600.000,28.142.400,45.715.000,0,0,78.890.000,78.432.400
2023.12,18/12/2023,4.100.000,0,0,1.820.000,0,0,5.920.000,5.920.000
2023.12,19/12/2023,41.550.000,0,0,1.410.000,0,0,42.960.000,42.960.000
2023.12,20/12/2023,1.350.000,4.850.000,4.772.400,1.700.000,0,0,7.900.000,7.822.400
2023.12,21/12/2023,6.850.000,4.500.000,4.428.000,7.080.000,18.270.000,0,36.700.000,36.628.000
2023.12,22/12/2023,1.800.000,0,0,475.000,0,0,2.275.000,2.275.000
2023.12,23/12/2023,2.350.000,500.000,484.000,1.200.000,0,0,4.050.000,4.034.000
2023.12,24/12/2023,6.200.000,9.525.000,9.372.600,8.980.000,0,0,24.705.000,24.552.600
2023.12,25/12/2023,5.000.000,28.799.000,28.190.472,29.630.000,0,0,63.429.000,62.820.472
2023.12,26/12/2023,38.835.000,5.000.000,4.920.000,28.400.000,0,0,72.235.000,72.155.000
2023.12,27/12/2023,350.000,350.000,344.400,29.765.000,97.776.000,0,128.241.000,128.235.400
2023.12,28/12/2023,1.200.000,5.700.000,5.612.300,5.425.000,0,0,12.325.000,12.237.300
2023.12,29/12/2023,19.370.000,2.550.000,2.499.600,9.290.000,0,0,31.210.000,31.159.600
2023.12,30/12/2023,0,0,0,1.250.000,0,0,1.250.000,1.250.000
2023.12,31/12/2023,3.350.000,4.400.000,4.329.600,5.000.000,0,0,12.750.000,12.679.600
2024.01,01/01/2024,0,0,0,0,0,0,0,0
2024.01,02/01/2024,12.990.000,3.000.000,2.954.010,11.300.000,0,0,27.290.000,27.244.010
2024.01,03/01/2024,30.795.000,1.610.000,1.584.240,29.250.000,0,0,61.655.000,61.629.240
2024.01,04/01/2024,1.715.000,956.000,941.000,101.275.000,0,1.940.000,102.006.000,101.991.000
2024.01,05/01/2024,197.790.000,0,0,9.725.000,0,0,207.515.000,207.515.000
2024.01,06/01/2024,11.650.000,0,0,910.000,0,0,12.560.000,12.560.000
2024.01,07/01/2024,4.215.000,1.120.000,1.102.080,215.105.000,0,0,220.440.000,220.422.080
2024.01,08/01/2024,19.075.000,850.000,836.400,4.610.000,0,0,24.535.000,24.521.400
2024.01,09/01/2024,99.350.000,7.250.000,7.134.000,1.120.000,0,0,107.720.000,107.604.000
2024.01,10/01/2024,13.290.000,2.500.000,2.460.000,25.800.000,0,0,41.590.000,41.550.000
2024.01,11/01/2024,3.850.000,18.600.000,18.302.400,49.700.000,0,0,72.150.000,71.852.400
2024.01,12/01/2024,6.820.000,19.400.000,19.076.600,32.700.000,0,0,58.920.000,58.596.600
2024.01,13/01/2024,0,350.000,344.400,2.305.000,0,0,2.655.000,2.649.400
2024.01,14/01/2024,11.310.000,4.215.000,4.147.560,11.850.000,0,0,27.375.000,27.307.560
2024.01,15/01/2024,3.600.000,2.615.000,2.573.160,6.350.000,3.300.000,0,15.865.000,15.823.160
2024.01,16/01/2024,41.740.000,0,0,210.680.000,0,0,252.420.000,252.420.000
2024.01,17/01/2024,253.100.000,1.970.000,1.938.480,70.450.000,0,0,325.520.000,325.488.480
2024.01,18/01/2024,112.020.000,0,0,13.025.000,0,0,125.045.000,125.045.000
2024.01,19/01/2024,5.780.000,6.125.000,6.025.800,1.500.000,0,0,13.405.000,13.305.800
2024.01,20/01/2024,27.500.000,2.700.000,2.656.800,2.285.000,0,12.000.000,20.485.000,20.441.800
2024.01,21/01/2024,43.820.000,16.260.000,15.999.840,10.620.000,0,0,70.700.000,70.439.840
2024.01,22/01/2024,74.350.000,0,0,3.645.000,0,0,77.995.000,77.995.000
2024.01,23/01/2024,4.040.000,1.120.000,1.102.080,25.200.000,0,0,30.360.000,30.342.080
2024.01,24/01/2024,25.200.000,5.000.000,4.920.000,32.300.000,42.580.000,0,105.080.000,105.000.000
2024.01,25/01/2024,50.300.000,0,0,2.700.000,0,10.000.000,43.000.000,43.000.000
2024.01,26/01/2024,9.250.000,0,0,121.120.000,0,0,130.370.000,130.370.000
2024.01,27/01/2024,3.875.000,0,0,700.000,0,0,4.575.000,4.575.000
2024.01,28/01/2024,2.550.000,2.600.000,2.570.400,3.650.000,0,0,8.800.000,8.770.400
2024.01,29/01/2024,104.600.000,1.200.000,1.180.800,8.365.000,0,15.000.000,99.165.000,99.145.800
2024.01,30/01/2024,96.550.000,500.000,490.300,102.710.000,0,0,199.760.000,199.750.300
2024.01,31/01/2024,7.650.000,1.050.000,1.033.200,35.200.000,0,0,43.900.000,43.883.200
2024.02,01/02/2024,4.025.000,0,0,115.000.000,0,0,119.025.000,119.025.000
2024.02,02/02/2024,11.600.000,3.385.000,3.330.840,10.965.000,0,0,25.950.000,25.895.840
2024.02,03/02/2024,6.700.000,1.715.000,1.671.560,850.000,0,0,9.265.000,9.221.560
2024.02,04/02/2024,3.875.000,1.700.000,1.672.800,800.000,0,0,6.375.000,6.347.800
2024.02,05/02/2024,0,1.850.000,1.818.400,0,0,0,1.850.000,1.818.400
2024.02,06/02/2024,0,0,0,0,0,0,0,0
2024.02,07/02/2024,0,0,0,0,0,0,0,0
2024.02,08/02/2024,0,0,0,0,0,0,0,0
2024.02,09/02/2024,0,0,0,0,0,0,0,0
2024.02,10/02/2024,0,0,0,0,0,0,0,0
2024.02,11/02/2024,0,0,0,0,0,0,0,0
2024.02,12/02/2024,0,0,0,0,0,0,0,0
2024.02,13/02/2024,0,0,0,0,0,0,0,0
2024.02,14/02/2024,0,0,0,0,0,0,0,0
2024.02,15/02/2024,0,0,0,0,0,0,0,0
2024.02,16/02/2024,0,0,0,0,0,0,0,0
2024.02,17/02/2024,0,0,0,0,0,0,0,0
2024.02,18/02/2024,15.130.000,3.200.000,3.148.800,48.350.000,0,0,66.680.000,66.628.800
2024.02,19/02/2024,64.165.000,5.750.000,5.658.000,6.400.000,0,0,76.315.000,76.223.000
2024.02,20/02/2024,10.250.000,0,0,750.000,0,0,11.000.000,11.000.000
2024.02,21/02/2024,11.400.000,0,0,7.730.000,0,0,19.130.000,19.130.000
2024.02,22/02/2024,135.380.000,140.445.000,138.199.760,49.000.000,0,2.000.000,322.825.000,320.579.760
2024.02,23/02/2024,3.375.000,3.860.000,3.798.240,2.420.000,0,0,9.655.000,9.593.240
2024.02,24/02/2024,32.550.000,3.265.000,3.212.760,16.595.000,0,0,52.410.000,52.357.760
2024.02,25/02/2024,1.330.000,945.000,925.880,11.120.000,0,0,13.395.000,13.375.880
2024.02,26/02/2024,10.750.000,8.730.000,8.573.200,0,0,0,19.480.000,19.323.200
2024.02,27/02/2024,4.343.000,3.000.000,2.952.000,310.000,0,0,7.653.000,7.605.000
2024.02,28/02/2024,2.350.000,350.000,344.400,1.850.000,0,0,4.550.000,4.544.400
2024.02,29/02/2024,5.000.000,0,0,49.660.000,0,0,54.660.000,54.660.000
2024.03,01/03/2024,4.050.000,0,0,12.500.000,0,0,16.550.000,16.550.000
2024.03,02/03/2024,1.565.000,850.000,836.400,6.850.000,0,210.000,9.055.000,9.041.400
2024.03,03/03/2024,12.655.000,3.350.000,3.301.400,21.200.000,0,0,37.205.000,37.156.400
2024.03,04/03/2024,7.195.000,14.790.000,14.558.360,68.350.000,0,0,90.335.000,90.103.360
2024.03,05/03/2024,22.100.000,5.000.000,4.920.000,17.200.000,0,0,44.300.000,44.220.000
2024.03,06/03/2024,7.000.000,9.500.000,9.348.000,4.900.000,0,0,21.400.000,21.248.000
2024.03,07/03/2024,18.200.000,4.970.000,4.890.480,4.400.000,0,0,27.570.000,27.490.480
2024.03,08/03/2024,36.575.000,4.215.000,4.147.560,18.650.000,0,0,59.440.000,59.372.560
2024.03,09/03/2024,16.690.000,8.695.000,8.555.880,4.350.000,0,0,29.735.000,29.595.880
2024.03,10/03/2024,2.850.000,9.850.000,9.710.890,20.455.000,0,0,33.155.000,33.015.890
2024.03,11/03/2024,19.835.000,485.000,477.240,54.860.000,0,0,75.180.000,75.172.240
2024.03,12/03/2024,0,350.000,344.400,10.870.000,0,0,11.220.000,11.214.400
2024.03,13/03/2024,3.100.000,3.000.000,2.952.000,700.000,0,0,6.800.000,6.752.000
2024.03,14/03/2024,4.550.000,350.000,344.400,2.030.000,86.905.000,0,93.835.000,93.829.400
2024.03,15/03/2024,14.400.000,2.015.000,1.976.120,6.900.000,0,0,23.315.000,23.276.120
2024.03,16/03/2024,69.550.000,2.075.000,2.050.300,34.300.000,0,0,105.925.000,105.900.300
2024.03,17/03/2024,1.060.000,11.100.000,10.922.400,28.700.000,0,0,40.860.000,40.682.400
2024.03,18/03/2024,4.350.000,1.500.000,1.476.000,11.309.500,0,0,17.159.500,17.135.500
2024.03,19/03/2024,24.215.000,3.060.000,3.011.040,233.670.000,0,0,260.945.000,260.896.040
2024.03,20/03/2024,142.245.000,1.120.000,1.102.080,5.000.000,0,0,148.365.000,148.347.080
2024.03,21/03/2024,10.500.000,27.634.000,27.191.856,42.395.000,0,2.000.000,78.529.000,78.086.856
2024.03,22/03/2024,80.530.000,1.620.000,1.590.780,910.000,0,0,83.060.000,83.030.780
2024.03,23/03/2024,11.700.000,5.730.000,5.620.320,35.644.500,0,1.000.000,52.074.500,51.964.820
2024.03,24/03/2024,4.535.000,51.300.000,50.479.200,7.130.000,0,0,62.965.000,62.144.200
2024.03,25/03/2024,9.770.000,0,0,53.900.000,0,100.000,63.570.000,63.570.000
2024.03,26/03/2024,13.242.000,1.015.000,992.670,41.500.000,0,0,55.757.000,55.734.670
2024.03,27/03/2024,13.050.000,15.000.000,14.760.000,14.900.000,0,0,42.950.000,42.710.000
2024.03,28/03/2024,3.000.000,2.350.000,2.315.900,1.200.000,0,0,6.550.000,6.515.900
2024.03,29/03/2024,23.575.000,17.800.000,17.483.000,38.395.000,0,0,79.770.000,79.453.000
2024.03,30/03/2024,700.000,2.000.000,1.954.000,11.380.000,0,0,14.080.000,14.034.000
2024.03,31/03/2024,3.630.000,350.000,344.000,6.610.000,0,0,10.590.000,10.584.000
2024.04,01/04/2024,13.500.000,7.500.000,7.365.773,54.535.000,0,0,75.535.000,75.400.773
2024.04,02/04/2024,5.210.000,0,0,0,0,0,5.210.000,5.210.000
2024.04,03/04/2024,10.683.000,7.250.000,7.134.000,1.435.000,0,0,19.368.000,19.252.000
2024.04,04/04/2024,0,350.000,344.400,2.500.000,0,0,2.850.000,2.844.400
2024.04,05/04/2024,4.400.000,400.000,393.600,7.150.000,0,0,11.950.000,11.943.600
2024.04,06/04/2024,1.210.000,0,0,2.350.000,0,0,3.560.000,3.560.000
2024.04,07/04/2024,0,2.900.000,2.857.600,18.830.000,0,0,21.730.000,21.687.600
2024.04,08/04/2024,4.250.000,0,0,6.750.000,0,0,11.000.000,11.000.000
2024.04,09/04/2024,4.700.000,3.060.000,3.011.040,19.565.000,0,0,27.325.000,27.276.040
2024.04,10/04/2024,4.250.000,9.900.000,9.741.600,4.200.000,0,0,18.350.000,18.191.600
2024.04,11/04/2024,6.225.000,2.500.000,2.460.000,9.430.000,0,0,18.155.000,18.115.000
2024.04,12/04/2024,3.200.000,30.075.000,29.602.040,13.105.000,0,0,46.380.000,45.907.040
2024.04,13/04/2024,6.765.000,1.400.000,1.377.600,5.145.000,0,0,13.310.000,13.287.600
2024.04,14/04/2024,3.500.000,350.000,344.400,8.325.000,0,0,12.175.000,12.169.400
2024.04,15/04/2024,48.270.000,18.515.000,18.218.710,38.400.000,15.750.000,0,120.935.000,120.638.710
2024.04,16/04/2024,7.965.000,17.470.000,17.190.480,350.000,0,0,25.785.000,25.505.480
2024.04,17/04/2024,1.750.000,2.300.000,2.263.200,30.915.000,0,0,34.965.000,34.928.200
2024.04,18/04/2024,0,0,0,0,0,0,0,0
2024.04,19/04/2024,1.210.000,3.200.000,3.163.800,6.380.000,0,0,10.790.000,10.753.800
2024.04,20/04/2024,350.000,9.800.000,9.650.700,0,0,0,10.150.000,10.000.700
2024.04,21/04/2024,300.000,175.000,170.600,15.050.000,0,0,15.525.000,15.520.600
2024.04,22/04/2024,12.060.000,0,0,3.850.000,0,0,15.910.000,15.910.000
2024.04,23/04/2024,46.000.000,1.850.000,1.820.400,368.539.500,0,3.000.000,413.389.500,413.359.900
2024.04,24/04/2024,4.350.000,2.000.000,1.968.000,14.500.000,0,0,20.850.000,20.818.000
2024.04,25/04/2024,5.750.000,0,0,44.350.000,0,0,50.100.000,50.100.000
2024.04,26/04/2024,14.000.000,0,0,34.000.000,0,0,48.000.000,48.000.000
2024.04,27/04/2024,20.350.000,4.000.000,3.936.000,6.705.000,0,100.000,30.955.000,30.991.000
2024.04,28/04/2024,0,3.710.000,3.650.640,8.350.000,0,0,12.060.000,12.000.640
2024.04,29/04/2024,0,30.900.000,30.045.281,0,0,0,30.900.000,30.045.281
2024.04,30/04/2024,0,0,0,0,0,0,0,0
2024.05,01/05/2024,0,0,0,0,0,0,0,0
2024.05,02/05/2024,700.000,3.400.000,3.345.600,2.500.000,29.000.000,0,35.600.000,35.545.600
2024.05,03/05/2024,17.400.000,2.000.000,1.968.000,7.210.000,0,1.000.000,25.610.000,25.578.000
2024.05,04/05/2024,5.150.000,0,0,5.800.000,0,0,10.950.000,10.950.000
2024.05,05/05/2024,34.900.000,9.000.000,8.856.000,5.475.000,0,0,49.375.000,49.231.000
2024.05,06/05/2024,17.200.000,3.320.000,3.266.880,5.350.000,0,0,25.870.000,25.816.880
2024.05,07/05/2024,0,5.000.000,4.920.000,14.950.000,39.790.000,0,59.740.000,59.660.000
2024.05,08/05/2024,3.350.000,6.000.000,5.904.000,9.550.000,0,0,18.900.000,18.804.000
2024.05,09/05/2024,109.280.000,0,0,29.635.000,0,0,138.915.000,138.915.000
2024.05,10/05/2024,700.000,850.000,836.400,23.760.000,0,0,25.310.000,25.296.400
2024.05,11/05/2024,2.410.000,219.000.000,213.396.000,5.350.000,0,0,226.760.000,221.156.000
2024.05,12/05/2024,2.070.000,350.000,344.400,59.250.000,0,0,61.670.000,61.664.400
2024.05,13/05/2024,8.750.000,350.000,344.400,31.000.000,0,0,40.100.000,40.094.400
2024.05,14/05/2024,970.000,18.500.000,18.204.000,35.220.000,0,0,54.690.000,54.394.000
2024.05,15/05/2024,350.000,172.000.000,168.363.000,10.257.000,0,0,182.607.000,178.970.000
2024.05,16/05/2024,4.700.000,74.125.000,72.532.187,11.950.000,0,0,90.775.000,89.182.187
2024.05,17/05/2024,2.350.000,0,0,1.610.000,0,0,3.960.000,3.960.000
2024.05,18/05/2024,2.920.000,48.400.000,47.625.600,18.000.000,0,0,69.320.000,68.545.600
2024.05,19/05/2024,9.400.000,1.350.000,1.328.400,93.370.000,0,0,104.120.000,104.098.400
2024.05,20/05/2024,10.455.000,12.000.000,11.808.000,56.310.000,0,2.708.000,76.057.000,75.865.000
2024.05,21/05/2024,19.385.000,10.000.000,9.850.000,6.500.000,0,0,35.885.000,35.735.000
2024.05,22/05/2024,0,13.750.000,13.494.000,3.000.000,0,0,16.750.000,16.494.000
2024.05,23/05/2024,127.795.000,0,0,6.000.000,0,0,133.795.000,133.795.000
2024.05,24/05/2024,0,0,0,560.000,0,0,560.000,560.000
2024.05,25/05/2024,500.000,210.000,206.640,1.500.000,0,0,2.210.000,2.206.640
2024.05,26/05/2024,2.000.000,700.000,688.800,45.530.000,0,0,48.230.000,48.218.800
2024.05,27/05/2024,8.400.000,2.350.000,2.315.800,3.475.000,0,0,14.225.000,14.190.800
2024.05,28/05/2024,950.000,5.500.000,5.379.000,10.950.000,0,0,17.400.000,17.279.000
2024.05,29/05/2024,4.960.000,0,0,5.490.000,0,0,10.450.000,10.450.000
2024.05,30/05/2024,2.050.000,1.850.000,1.828.900,3.000.000,0,0,6.900.000,6.878.900
2024.05,31/05/2024,60.700.000,2.700.000,2.644.800,3.350.000,0,0,66.750.000,66.694.800
2024.06,01/06/2024,0,1.450.000,1.426.800,8.090.000,0,0,9.540.000,9.516.800
2024.06,02/06/2024,4.950.000,4.000.000,3.912.000,19.390.000,0,0,28.340.000,28.252.000
2024.06,03/06/2024,17.300.000,4.000.000,3.936.000,4.750.000,0,0,26.050.000,25.986.000
2024.06,04/06/2024,29.455.000,21.300.000,20.938.200,411.950.000,0,0,462.705.000,462.343.200
2024.06,05/06/2024,500.000,0,0,6.850.000,0,0,7.350.000,7.350.000
2024.06,06/06/2024,39.095.000,6.900.000,6.789.600,138.250.000,0,0,184.245.000,184.134.600
2024.06,07/06/2024,2.560.000,0,0,13.420.000,0,0,15.980.000,15.980.000
2024.06,08/06/2024,8.250.000,3.770.000,3.709.680,3.410.000,0,0,15.430.000,15.369.680
2024.06,09/06/2024,2.500.000,8.350.000,8.216.100,10.500.000,0,0,21.350.000,21.216.100
2024.06,10/06/2024,4.265.000,1.309.500,1.284.500,21.509.000,0,0,27.083.500,27.058.500
2024.06,11/06/2024,37.030.000,11.500.000,11.268.000,49.230.000,0,0,97.760.000,97.528.000
2024.06,12/06/2024,3.100.000,350.000,344.400,1.060.000,0,0,4.510.000,4.504.400
2024.06,13/06/2024,200.000,70.000,68.880,7.050.000,0,0,7.320.000,7.318.880
2024.06,14/06/2024,16.235.000,0,0,6.287.000,0,0,22.522.000,22.522.000
2024.06,15/06/2024,2.290.000,0,0,30.895.000,0,0,33.185.000,33.185.000
2024.06,16/06/2024,4.200.000,0,0,142.725.000,0,0,146.925.000,146.925.000
2024.06,17/06/2024,13.830.000,7.000.000,6.958.000,1.365.000,0,0,22.195.000,22.153.000
2024.06,18/06/2024,24.868.500,6.050.000,5.903.100,5.050.000,0,0,35.968.500,35.821.600
2024.06,19/06/2024,2.500.000,175.000,172.200,700.000,0,0,3.375.000,3.372.200
2024.06,20/06/2024,16.610.000,2.500.000,2.460.000,16.130.000,0,0,35.240.000,35.200.000
2024.06,21/06/2024,29.825.000,1.000.000,984.000,21.600.000,0,0,52.425.000,52.409.000
2024.06,22/06/2024,11.250.000,1.050.000,1.030.500,3.340.000,0,0,15.640.000,15.620.500
2024.06,23/06/2024,3.545.000,4.450.000,4.378.000,5.405.000,0,0,13.400.000,13.328.000
2024.06,24/06/2024,3.000.000,0,0,14.450.000,0,0,17.450.000,17.450.000
2024.06,25/06/2024,10.935.000,0,0,213.400.000,0,0,224.335.000,224.335.000
2024.06,26/06/2024,80.000.000,0,0,207.300.000,0,0,287.300.000,287.300.000
2024.06,27/06/2024,3.320.000,0,0,0,0,0,3.320.000,3.320.000
2024.06,28/06/2024,0,1.500.000,1.476.000,8.520.000,35.780.000,0,45.800.000,45.776.000
2024.06,29/06/2024,6.500.000,19.500.000,19.150.200,5.600.000,0,0,31.600.000,31.250.200
2024.06,30/06/2024,7.860.000,5.405.000,5.337.920,17.580.000,0,0,30.845.000,30.777.920
2024.07,01/07/2024,36.900.000,0,0,6.505.000,0,0,43.405.000,43.405.000
2024.07,02/07/2024,4.490.000,3.670.000,3.615.200,1.525.000,0,0,9.685.000,9.630.200
2024.07,03/07/2024,5.621.500,0,0,15.750.000,20.000.000,0,41.371.500,41.371.500
2024.07,04/07/2024,26.850.000,0,0,6.500.000,0,0,33.350.000,33.350.000
2024.07,05/07/2024,50.168.500,8.580.000,8.437.120,1.960.000,0,0,60.708.500,60.565.620
2024.07,06/07/2024,1.000.000,2.500.000,2.460.000,21.200.000,0,0,24.700.000,24.660.000
2024.07,07/07/2024,2.200.000,1.000.000,990.000,350.000,0,0,3.550.000,3.540.000
2024.07,08/07/2024,16.700.000,0,0,1.500.000,0,0,18.200.000,18.200.000
2024.07,09/07/2024,0,3.450.000,3.394.800,4.600.000,0,0,8.050.000,7.994.800
2024.07,10/07/2024,4.700.000,0,0,16.600.000,0,0,21.300.000,21.300.000
2024.07,11/07/2024,177.785.000,0,0,2.500.000,0,0,180.285.000,180.285.000
2024.07,12/07/2024,13.500.000,2.350.000,2.325.000,8.320.000,0,8.580.000,15.590.000,15.565.000
2024.07,13/07/2024,6.200.000,0,0,4.650.000,0,500.000,10.350.000,10.350.000
2024.07,14/07/2024,19.120.000,0,0,5.100.000,0,0,24.220.000,24.220.000
2024.07,15/07/2024,10.725.000,0,0,8.895.000,0,0,19.620.000,19.620.000
2024.07,16/07/2024,4.615.000,14.841.000,14.572.000,17.650.000,0,0,37.106.000,36.837.000
2024.07,17/07/2024,19.750.000,850.000,836.400,12.175.000,0,2.700.000,30.075.000,30.061.400
2024.07,18/07/2024,0,24.500.000,24.108.000,78.700.000,0,0,103.200.000,102.808.000
2024.07,19/07/2024,2.051.000,4.499.000,4.432.016,6.900.000,0,0,13.450.000,13.383.016
2024.07,20/07/2024,1.315.000,15.620.000,15.369.000,17.305.000,0,3.000.000,31.240.000,30.989.000
2024.07,21/07/2024,6.960.000,200.000,196.800,25.045.000,0,0,32.205.000,32.201.800
2024.07,22/07/2024,9.500.000,3.150.000,3.099.600,127.030.000,0,0,139.680.000,139.629.600
2024.07,23/07/2024,3.500.000,2.000.000,1.968.000,167.990.000,0,0,173.490.000,173.458.000
2024.07,24/07/2024,10.600.000,0,0,400.000,39.750.000,0,50.750.000,50.750.000
2024.07,25/07/2024,2.005.000,0,0,10.199.000,0,0,12.204.000,12.204.000
2024.07,26/07/2024,10.550.000,3.500.000,3.444.000,20.525.000,0,0,34.575.000,34.519.000
2024.07,27/07/2024,5.150.000,1.680.000,1.653.120,81.750.000,0,0,88.580.000,88.553.120
2024.07,28/07/2024,3.500.000,6.520.000,6.165.000,7.900.000,0,0,17.920.000,17.565.000
2024.07,29/07/2024,6.725.000,3.000.000,2.972.000,47.520.000,0,0,57.245.000,57.217.000
2024.07,30/07/2024,20.235.000,5.200.000,5.116.800,24.060.000,0,0,49.495.000,49.411.800
2024.07,31/07/2024,0,52.300.000,50.969.000,7.100.000,9.380.000,0,68.780.000,67.449.000
2024.08,01/08/2024,6.725.000,0,0,22.110.000,0,0,28.835.000,28.835.000
2024.08,02/08/2024,5.200.000,1.400.000,1.380.000,24.550.000,0,1.500.000,29.650.000,29.630.000
2024.08,03/08/2024,3.600.000,93.150.000,91.318.550,9.070.000,0,0,105.820.000,103.988.550
2024.08,04/08/2024,8.550.000,34.700.000,33.986.496,26.175.000,0,0,69.425.000,68.711.496
2024.08,05/08/2024,41.685.000,71.700.000,70.099.400,44.800.000,0,0,158.185.000,156.584.400
2024.08,06/08/2024,0,0,0,0,0,0,0,0
2024.08,07/08/2024,0,0,0,0,0,0,0,0
2024.08,08/08/2024,35.650.000,0,0,11.900.000,0,0,47.550.000,47.550.000
2024.08,09/08/2024,0,1.680.000,1.653.120,71.700.000,0,0,73.380.000,73.353.120
2024.08,10/08/2024,1.200.000,0,0,4.000.000,0,0,5.200.000,5.200.000
2024.08,11/08/2024,12.000.000,49.850.000,49.052.400,50.225.000,0,5.000.000,107.075.000,106.277.400
2024.08,12/08/2024,16.161.000,3.200.000,3.148.800,33.650.000,0,0,53.011.000,52.959.800
2024.08,13/08/2024,2.180.000,350.000,342.240,15.075.000,0,0,17.605.000,17.597.240
2024.08,14/08/2024,10.500.000,2.000.000,1.978.000,85.025.000,0,0,97.525.000,97.503.000
2024.08,15/08/2024,3.450.000,0,0,7.650.000,0,0,11.100.000,11.100.000
2024.08,16/08/2024,20.000.000,0,0,11.330.000,10.500.000,0,41.830.000,41.830.000
2024.08,17/08/2024,1.595.000,6.840.000,6.761.600,109.965.000,0,0,118.400.000,118.321.600
2024.08,18/08/2024,2.100.000,900.000,885.600,4.630.000,0,20.000.000,-12.370.000,-12.384.400
2024.08,19/08/2024,8.790.000,9.540.000,9.387.360,11.100.000,0,0,29.430.000,29.277.360
2024.08,20/08/2024,0,2.610.000,2.516.940,1.750.000,0,0,4.360.000,4.266.940
2024.08,21/08/2024,0,0,0,0,0,0,0,0
2024.08,22/08/2024,89.025.000,2.500.000,2.460.000,58.560.000,0,0,150.085.000,150.045.000
2024.08,23/08/2024,7.800.000,4.100.000,4.066.400,0,0,0,11.900.000,11.866.400
2024.08,24/08/2024,5.850.000,2.000.000,1.968.000,13.610.000,0,0,21.460.000,21.428.000
2024.08,25/08/2024,3.500.000,11.200.000,10.894.100,10.200.000,0,0,24.900.000,24.594.100
2024.08,26/08/2024,5.000.000,262.800.000,255.388.200,17.990.000,0,0,285.790.000,278.378.200
2024.08,27/08/2024,2.100.000,0,0,2.250.000,0,0,4.350.000,4.350.000
2024.08,28/08/2024,2.500.000,500.000,492.000,11.350.000,0,0,14.350.000,14.342.000
2024.08,29/08/2024,4.250.000,32.710.000,32.185.680,36.100.000,0,0,73.060.000,72.535.680
2024.08,30/08/2024,850.000,350.000,344.400,7.910.000,0,0,9.110.000,9.104.400
2024.08,31/08/2024,0,0,0,6.100.000,0,0,6.100.000,6.100.000
2024.09,01/09/2024,550.000,1.235.000,1.216.350,4.350.000,0,0,6.135.000,6.116.350
2024.09,02/09/2024,0,0,0,0,0,0,0,0
2024.09,03/09/2024,4.050.000,0,0,16.340.000,0,0,20.390.000,20.390.000
2024.09,04/09/2024,17.900.000,0,0,20.280.000,0,0,38.180.000,38.180.000
2024.09,05/09/2024,57.200.000,11.915.000,11.007.000,0,0,0,69.115.000,68.207.000
2024.09,06/09/2024,700.000,20.715.000,20.383.560,10.610.000,0,0,32.025.000,31.693.560
2024.09,07/09/2024,560.000,4.565.000,4.486.920,2.790.000,0,0,7.915.000,7.836.920
2024.09,08/09/2024,14.050.000,6.725.000,6.617.400,6.255.000,0,0,27.030.000,26.922.400
2024.09,09/09/2024,30.870.000,30.065.000,29.583.960,14.525.000,0,0,75.460.000,74.978.960
2024.09,10/09/2024,10.500.000,0,0,160.270.000,0,0,170.770.000,170.770.000
2024.09,11/09/2024,225.610.000,0,0,1.120.000,0,0,226.730.000,226.730.000
2024.09,12/09/2024,1.350.000,0,0,3.900.000,0,0,5.250.000,5.250.000
2024.09,13/09/2024,350.000,0,0,7.520.000,0,0,7.870.000,7.870.000
2024.09,14/09/2024,180.400.000,17.955.000,17.667.720,37.770.000,0,38.100.000,198.025.000,197.737.720
2024.09,15/09/2024,2.500.000,1.400.000,1.371.300,16.945.000,0,0,20.845.000,20.816.300
2024.09,16/09/2024,5.000.000,350.000,347.900,8.194.000,18.620.000,0,32.164.000,32.161.900
2024.09,17/09/2024,3.225.000,1.500.000,1.476.000,3.850.000,0,0,8.575.000,8.551.000
2024.09,18/09/2024,26.500.000,0,0,277.750.000,0,0,304.250.000,304.250.000
2024.09,19/09/2024,3.700.000,2.100.000,2.054.800,2.210.000,21.000.000,0,29.010.000,28.964.800
2024.09,20/09/2024,0,0,0,210.000,0,0,210.000,210.000
2024.09,21/09/2024,24.710.000,3.015.000,2.966.760,4.475.000,0,0,32.200.000,32.151.760
2024.09,22/09/2024,15.900.000,2.250.000,2.210.000,38.310.000,0,0,56.460.000,56.420.000
2024.09,23/09/2024,0,9.865.000,9.687.160,7.050.000,0,0,16.915.000,16.737.160
2024.09,24/09/2024,594.815.000,3.850.000,3.788.400,2.950.000,0,0,601.615.000,601.553.400
2024.09,25/09/2024,2.500.000,3.500.000,3.428.000,500.000,14.310.000,0,20.810.000,20.738.000
2024.09,26/09/2024,2.200.000,9.630.000,9.512.520,3.210.000,0,0,15.040.000,14.922.520
2024.09,27/09/2024,0,350.000,344.400,7.560.000,0,0,7.910.000,7.904.400
2024.09,28/09/2024,155.810.000,7.850.000,7.740.240,12.280.000,0,0,175.940.000,175.830.240
2024.09,29/09/2024,2.400.000,9.800.000,9.638.600,4.600.000,0,0,16.800.000,16.638.600
2024.09,30/09/2024,9.350.000,5.000.000,4.969.190,19.670.000,0,1.000.000,33.020.000,32.989.190
2024.10,01/10/2024,10.700.000,1.050.000,1.033.200,40.150.000,0,0,51.900.000,51.883.200
2024.10,02/10/2024,229.150.000,20.700.000,20.368.800,10.360.000,0,0,260.210.000,259.878.800
2024.10,03/10/2024,700.000,2.000.000,1.968.000,8.850.000,0,0,11.550.000,11.518.000
2024.10,04/10/2024,0,8.610.000,8.471.440,41.850.000,0,0,50.460.000,50.321.440
2024.10,05/10/2024,1.350.000,8.039.500,7.894.789,39.550.000,0,0,48.939.500,48.794.789
2024.10,06/10/2024,4.565.000,4.920.000,4.831.780,55.860.000,0,750.000,64.595.000,64.506.780
2024.10,07/10/2024,10.550.000,0,0,4.400.000,0,0,14.950.000,14.950.000
2024.10,08/10/2024,2.350.000,58.600.000,57.706.000,2.565.000,0,0,63.515.000,62.621.000
2024.10,09/10/2024,2.290.000,26.000.000,25.513.000,15.960.000,0,0,44.250.000,43.763.000
2024.10,10/10/2024,6.215.000,350.000,344.022,9.100.000,0,0,15.665.000,15.659.022
2024.10,11/10/2024,450.000,5.850.000,5.582.932,6.105.000,0,0,12.405.000,12.137.932
2024.10,12/10/2024,12.015.000,3.000.000,2.941.418,12.645.000,0,0,27.660.000,27.601.418
2024.10,13/10/2024,2.195.000,5.625.000,5.515.060,5.590.000,0,0,13.410.000,13.300.060
2024.10,14/10/2024,700.000,17.565.000,17.229.191,5.955.000,0,0,24.220.000,23.884.191
2024.10,15/10/2024,9.160.000,3.150.000,3.063.206,36.900.000,12.000.000,0,61.210.000,61.123.206
2024.10,16/10/2024,200.100.000,63.900.000,62.058.010,41.510.000,0,0,305.510.000,303.668.010
2024.10,17/10/2024,6.150.000,0,0,5.350.000,0,0,11.500.000,11.500.000
2024.10,18/10/2024,3.980.000,13.000.000,12.792.000,36.785.000,0,0,53.765.000,53.557.000
2024.10,19/10/2024,3.500.000,5.000.000,4.920.000,8.115.000,0,0,16.615.000,16.535.000
2024.10,20/10/2024,76.710.000,7.500.000,7.380.000,21.180.000,0,0,105.390.000,105.270.000
2024.10,21/10/2024,2.350.000,0,0,4.620.000,0,0,6.970.000,6.970.000
2024.10,22/10/2024,29.150.000,0,0,6.350.000,0,0,35.500.000,35.500.000
2024.10,23/10/2024,2.700.000,75.800.000,74.493.400,4.380.000,0,0,82.880.000,81.573.400
2024.10,24/10/2024,126.450.000,3.800.000,3.736.000,46.660.000,0,0,176.910.000,176.846.000
2024.10,25/10/2024,1.000.000,75.415.000,74.157.000,18.775.000,0,0,95.190.000,93.932.000
2024.10,26/10/2024,5.500.000,0,0,7.920.000,0,0,13.420.000,13.420.000
2024.10,27/10/2024,0,3.350.000,3.296.400,12.550.000,0,0,15.900.000,15.846.400
2024.10,28/10/2024,7.528.000,1.600.000,1.574.400,6.900.000,0,0,16.028.000,16.002.400
2024.10,29/10/2024,19.680.000,2.000.000,1.968.000,675.000,0,0,22.355.000,22.323.000
2024.10,30/10/2024,3.050.000,0,0,21.110.000,0,0,24.160.000,24.160.000
2024.10,31/10/2024,47.700.000,0,0,37.400.000,0,0,85.100.000,85.100.000
2024.11,01/11/2024,350.000,350.000,344.400,5.700.000,0,0,6.400.000,6.394.400
2024.11,02/11/2024,9.560.000,42.300.000,41.543.000,9.215.000,0,0,61.075.000,60.318.000
2024.11,03/11/2024,9.417.500,52.110.000,51.277.040,41.425.000,0,0,102.952.500,102.119.540
2024.11,04/11/2024,26.750.000,9.600.000,9.446.400,20.465.000,0,0,56.815.000,56.661.400
2024.11,05/11/2024,2.560.000,500.000,492.000,59.125.000,0,6.300.000,55.885.000,55.877.000
2024.11,06/11/2024,3.000.000,42.800.000,42.115.200,105.190.000,0,0,150.990.000,150.305.200
2024.11,07/11/2024,0,18.890.000,18.587.760,13.174.000,0,0,32.064.000,31.761.760
2024.11,08/11/2024,32.100.000,0,0,17.600.000,0,0,49.700.000,49.700.000
2024.11,09/11/2024,3.000.000,1.500.000,1.467.000,5.850.000,0,0,10.350.000,10.317.000
2024.11,10/11/2024,9.845.000,15.690.000,15.428.960,4.460.000,0,0,29.995.000,29.733.960
2024.11,11/11/2024,41.800.000,2.500.000,2.460.000,21.650.000,0,0,65.950.000,65.910.000
2024.11,12/11/2024,194.150.000,0,0,700.000,18.816.000,0,213.666.000,213.666.000
2024.11,13/11/2024,2.500.000,2.500.000,2.485.000,7.435.000,0,0,12.435.000,12.420.000
2024.11,14/11/2024,0,2.465.000,2.425.560,2.350.000,0,0,4.815.000,4.775.560
2024.11,15/11/2024,6.200.000,630.000,619.920,7.390.000,0,0,14.220.000,14.209.920
2024.11,16/11/2024,12.200.000,4.100.000,4.024.900,8.900.000,0,0,25.200.000,25.124.900
2024.11,17/11/2024,9.250.000,23.600.000,23.251.400,13.821.250,0,0,46.671.250,46.322.650
2024.11,18/11/2024,43.010.000,1.500.000,1.470.000,8.850.000,0,0,53.360.000,53.330.000
2024.11,19/11/2024,350.000,9.350.000,9.200.400,24.460.000,30.900.000,0,65.060.000,64.910.400
2024.11,20/11/2024,86.300.000,1.000.000,978.000,10.450.000,0,0,97.750.000,97.728.000
2024.11,21/11/2024,51.700.000,51.945.000,51.113.880,18.750.000,0,0,122.395.000,121.563.880
2024.11,22/11/2024,33.410.000,2.850.000,2.804.400,17.500.000,0,0,53.760.000,53.714.400
2024.11,23/11/2024,7.850.000,14.435.000,14.205.690,26.920.000,0,0,49.205.000,48.975.690
2024.11,24/11/2024,3.200.000,26.870.000,26.441.780,18.900.000,0,0,48.970.000,48.541.780
2024.11,25/11/2024,9.700.000,25.127.500,24.725.460,23.600.000,0,22.900.000,35.527.500,35.125.460
2024.11,26/11/2024,14.055.000,0,0,6.410.000,42.560.000,0,63.025.000,63.025.000
2024.11,27/11/2024,30.910.000,24.000.000,23.616.000,25.030.000,0,20.000.000,59.940.000,59.556.000
2024.11,28/11/2024,7.100.000,0,0,32.005.000,0,0,39.105.000,39.105.000
2024.11,29/11/2024,350.000,12.450.000,12.250.800,31.005.000,0,5.480.000,38.325.000,38.125.800
2024.11,30/11/2024,5.900.000,112.450.000,109.748.700,8.746.000,0,0,177.096.000,174.394.700
2024.12,01/12/2024,7.815.000,0,0,3.715.000,0,0,11.530.000,11.530.000
2024.12,02/12/2024,32.460.000,13.450.000,13.234.800,99.330.000,0,1.000.000,144.240.000,144.024.800
2024.12,03/12/2024,6.350.000,27.250.000,26.814.000,8.850.000,0,0,42.450.000,42.014.000
2024.12,04/12/2024,14.080.000,500.000,492.000,13.355.000,0,0,27.935.000,27.927.000
2024.12,05/12/2024,87.100.000,8.895.000,8.724.600,85.860.000,0,0,181.855.000,181.684.600
2024.12,06/12/2024,2.350.000,24.625.000,24.221.000,5.200.000,0,0,32.175.000,31.771.000
2024.12,07/12/2024,72.811.000,2.200.000,2.160.400,52.412.000,0,0,127.423.000,127.383.400
2024.12,08/12/2024,9.920.000,350.000,343.700,29.782.000,0,0,40.052.000,40.045.700
2024.12,09/12/2024,16.300.000,9.500.000,9.329.000,199.570.000,0,0,225.370.000,225.199.000
2024.12,10/12/2024,63.100.000,0,0,28.085.000,24.403.000,0,115.588.000,115.588.000
2024.12,11/12/2024,6.985.000,0,0,17.290.000,0,0,24.275.000,24.275.000
2024.12,12/12/2024,73.270.000,2.350.000,2.312.400,26.895.000,0,0,102.515.000,102.477.400
2024.12,13/12/2024,311.150.000,20.250.000,19.926.000,20.350.000,0,0,351.750.000,351.426.000
2024.12,14/12/2024,6.200.000,100.875.000,99.077.160,2.695.000,0,0,109.770.000,107.972.160
2024.12,15/12/2024,5.560.000,0,0,9.900.000,0,0,15.460.000,15.460.000
2024.12,16/12/2024,4.200.000,50.150.000,49.344.864,6.680.000,0,0,61.030.000,60.224.864
2024.12,17/12/2024,66.400.000,0,0,3.350.000,0,0,69.750.000,69.750.000
2024.12,18/12/2024,10.100.000,3.750.000,3.697.500,34.360.000,0,0,48.210.000,48.157.500
2024.12,19/12/2024,25.980.000,39.930.000,39.291.120,4.100.000,0,0,70.010.000,69.371.120
2024.12,20/12/2024,12.645.000,2.000.000,1.968.000,6.925.000,0,0,21.570.000,21.538.000
2024.12,21/12/2024,151.700.000,875.000,861.000,18.078.000,0,0,170.653.000,170.639.000
2024.12,22/12/2024,3.650.000,3.000.000,2.952.000,16.265.000,0,0,22.915.000,22.867.000
2024.12,23/12/2024,3.850.000,0,0,101.200.000,11.200.000,0,116.250.000,116.250.000
2024.12,24/12/2024,55.090.000,8.350.000,8.216.400,138.530.000,0,0,201.970.000,201.836.400
2024.12,25/12/2024,16.070.000,10.150.000,9.987.600,315.000,0,0,26.535.000,26.372.600
2024.12,26/12/2024,25.210.000,1.000.000,984.000,2.720.000,45.720.000,0,74.650.000,74.634.000
2024.12,27/12/2024,700.000,26.225.000,25.795.400,3.560.000,0,0,30.485.000,30.055.400
2024.12,28/12/2024,2.610.000,10.715.000,10.541.670,18.625.000,0,0,31.950.000,31.776.670
2024.12,29/12/2024,122.745.000,0,0,26.935.000,0,0,149.680.000,149.680.000
2024.12,30/12/2024,6.260.000,8.900.000,8.757.600,500.000,0,0,15.660.000,15.517.600
2024.12,31/12/2024,800.000,4.490.000,0,21.015.000,0,0,26.305.000,21.815.000
2025.01,01/01/2025,0,0,0,0,0,0,0,0
2025.01,02/01/2025,16.500.000,0,0,2.650.000,0,0,19.150.000,19.150.000
2025.01,03/01/2025,5.460.000,3.580.000,3.522.720,13.830.000,0,0,22.870.000,22.812.720
2025.01,04/01/2025,11.565.000,1.165.000,1.102.948,6.430.000,0,0,19.160.000,19.097.948
2025.01,05/01/2025,9.465.000,7.980.000,7.983.964,6.475.000,0,0,23.920.000,23.923.964
2025.01,06/01/2025,84.000.000,350.000,343.175,5.300.000,0,0,89.650.000,89.643.175
2025.01,07/01/2025,6.975.000,700.000,682.549,12.850.000,24.800.000,0,45.325.000,45.307.549
2025.01,08/01/2025,7.645.000,210.000,206.220,19.900.000,0,0,27.755.000,27.751.220
2025.01,09/01/2025,117.015.000,6.325.000,6.201.662,22.665.000,0,0,146.005.000,145.881.662
2025.01,10/01/2025,152.580.000,4.110.000,4.036.020,11.060.000,0,1.050.000,166.700.000,166.626.020
2025.01,11/01/2025,32.150.000,6.175.000,6.063.850,83.390.000,0,0,121.715.000,121.603.850
2025.01,12/01/2025,92.300.000,10.850.000,10.654.700,11.615.000,0,0,114.765.000,114.569.700
2025.01,13/01/2025,30.435.000,5.200.000,5.106.400,29.290.000,0,0,64.925.000,64.831.400
2025.01,14/01/2025,60.180.000,37.345.000,36.672.790,6.285.000,0,0,103.810.000,103.137.790
2025.01,15/01/2025,36.000.000,0,0,30.685.000,0,1.500.000,65.185.000,65.185.000
2025.01,16/01/2025,85.050.000,43.710.000,42.923.220,12.510.000,0,0,141.270.000,140.483.220
2025.01,17/01/2025,103.620.000,0,0,10.535.000,0,0,114.155.000,114.155.000
2025.01,18/01/2025,51.035.000,13.165.000,12.916.630,104.065.000,0,0,168.265.000,168.016.630
2025.01,19/01/2025,79.348.750,3.190.000,3.132.570,2.695.000,0,0,85.233.750,85.176.320
2025.01,20/01/2025,36.350.000,0,0,2.350.000,0,0,38.700.000,38.700.000
2025.01,21/01/2025,11.850.000,7.480.000,7.358.660,20.400.000,0,0,39.730.000,39.608.660
2025.01,22/01/2025,9.845.000,0,0,1.960.000,0,0,11.805.000,11.805.000
2025.01,23/01/2025,9.550.000,1.809.500,1.776.929,2.500.000,0,0,13.859.500,13.826.929
2025.01,24/01/2025,44.970.000,0,0,2.940.000,0,0,47.910.000,47.910.000
2025.01,25/01/2025,7.000.000,0,0,5.665.000,0,0,12.665.000,12.665.000
2025.01,26/01/2025,0,0,0,0,0,0,0,0
2025.01,27/01/2025,0,0,0,0,0,0,0,0
2025.01,28/01/2025,0,0,0,0,0,0,0,0
2025.01,29/01/2025,0,0,0,0,0,0,0,0
2025.01,30/01/2025,0,0,0,0,0,0,0,0
2025.01,31/01/2025,0,0,0,0,0,0,0,0
2025.02,01/02/2025,0,0,0,0,0,0,0,0
2025.02,02/02/2025,0,0,0,0,0,0,0,0
2025.02,03/02/2025,0,0,0,0,0,0,0,0
2025.02,04/02/2025,0,0,0,0,0,0,0,0
2025.02,05/02/2025,0,0,0,0,0,0,0,0
2025.02,06/02/2025,0,0,0,0,0,0,0,0
2025.02,07/02/2025,12.236.000,5.200.000,5.103.400,2.800.000,0,0,20.236.000,20.139.400
2025.02,08/02/2025,9.027.500,0,0,42.150.000,0,0,51.177.500,51.177.500
2025.02,09/02/2025,18.640.000,0,0,5.635.000,0,0,24.275.000,24.275.000
2025.02,10/02/2025,4.015.000,4.400.000,4.320.800,16.015.000,0,0,24.430.000,24.350.800
2025.02,11/02/2025,3.550.000,6.500.000,6.373.000,3.000.000,0,0,13.050.000,12.923.000
2025.02,12/02/2025,1.500.000,2.500.000,2.455.000,6.846.000,0,0,10.846.000,10.801.000
2025.02,13/02/2025,23.850.000,26.760.000,26.268.320,10.790.000,0,0,61.400.000,60.908.320
2025.02,14/02/2025,58.465.000,35.210.000,34.576.220,6.600.000,30.300.000,0,130.575.000,129.941.220
2025.02,15/02/2025,53.715.000,21.075.000,20.695.650,21.333.000,0,0,96.123.000,95.743.650
2025.02,16/02/2025,25.650.000,200.000,196.400,7.330.000,0,0,33.180.000,33.176.400
2025.02,17/02/2025,2.315.000,0,0,35.450.000,0,0,37.765.000,37.765.000
2025.02,18/02/2025,10.470.000,13.300.000,13.060.600,1.830.000,0,0,25.600.000,25.360.600
2025.02,19/02/2025,36.050.000,9.635.000,9.457.160,4.419.500,0,0,50.104.500,49.926.660
2025.02,20/02/2025,875.000,0,0,81.740.000,0,0,82.615.000,82.615.000
2025.02,21/02/2025,4.775.000,14.960.000,14.690.720,27.800.000,0,0,47.535.000,47.265.720
2025.02,22/02/2025,9.240.000,32.665.000,32.077.030,61.920.000,0,0,103.825.000,103.237.030
2025.02,23/02/2025,6.065.000,3.155.000,3.098.210,50.735.000,0,0,59.955.000,59.898.210
2025.02,24/02/2025,6.910.000,17.050.000,16.743.100,46.160.000,0,0,70.120.000,69.813.100
2025.02,25/02/2025,10.575.000,350.000,343.700,54.230.000,59.570.000,0,124.725.000,124.718.700
2025.02,26/02/2025,8.715.000,39.800.000,39.006.450,69.800.000,0,0,118.315.000,117.521.450
2025.02,27/02/2025,18.033.000,0,0,6.900.000,0,0,24.933.000,24.933.000
2025.02,28/02/2025,770.000,0,0,6.095.000,0,0,6.865.000,6.865.000
2025.03,01/03/2025,26.700.000,10.750.000,10.494.750,39.257.000,0,0,76.707.000,76.451.750
2025.03,02/03/2025,175.880.000,8.250.000,8.097.500,11.184.500,0,0,195.314.500,195.162.000
2025.03,03/03/2025,81.900.000,40.500.000,39.771.000,2.675.000,0,0,125.075.000,124.346.000
2025.03,04/03/2025,5.815.000,0,0,11.625.000,0,0,17.440.000,17.440.000
2025.03,05/03/2025,225.315.000,7.665.000,7.527.030,10.975.000,0,0,243.955.000,243.817.030
2025.03,06/03/2025,191.600.000,0,0,129.324.000,52.406.000,0,373.330.000,373.330.000
2025.03,07/03/2025,24.700.000,0,0,17.650.000,0,0,42.350.000,42.350.000
2025.03,08/03/2025,515.000,900.000,883.800,32.400.000,0,250.000,33.565.000,33.548.800
2025.03,09/03/2025,3.315.000,5.350.000,5.252.100,14.780.000,0,0,23.445.000,23.347.100
2025.03,10/03/2025,0,2.250.000,2.209.500,16.765.000,0,0,19.015.000,18.974.500
2025.03,11/03/2025,7.060.000,1.500.000,1.488.000,95.208.000,37.190.000,0,140.958.000,140.946.000
2025.03,12/03/2025,4.415.000,82.000.000,80.462.500,17.780.000,0,18.000.000,86.195.000,84.657.500
2025.03,13/03/2025,6.800.000,43.510.000,42.667.675,86.650.000,0,0,136.960.000,136.117.675
2025.03,14/03/2025,0,0,0,121.400.000,0,0,121.400.000,121.400.000
2025.03,15/03/2025,119.980.000,3.000.000,2.946.000,58.760.000,0,0,181.740.000,181.686.000
2025.03,16/03/2025,6.105.000,4.905.000,4.816.710,17.565.000,0,0,28.575.000,28.486.710
2025.03,17/03/2025,14.515.000,840.000,824.880,12.705.000,0,0,28.060.000,28.044.880
2025.03,18/03/2025,2.250.000,350.000,347.200,57.295.000,0,0,59.895.000,59.892.200
2025.03,19/03/2025,14.910.000,3.000.000,2.946.000,97.250.000,0,0,115.160.000,115.106.000
2025.03,20/03/2025,2.350.000,1.746.000,1.691.874,222.260.000,0,0,226.356.000,226.301.874
2025.03,21/03/2025,39.500.000,0,0,30.645.000,0,0,70.145.000,70.145.000
2025.03,22/03/2025,500.000,8.065.000,7.919.830,37.305.000,0,0,45.870.000,45.724.830
2025.03,23/03/2025,8.850.000,0,0,14.375.000,0,0,23.225.000,23.225.000
2025.03,24/03/2025,5.200.000,2.000.000,1.961.000,18.080.000,0,0,25.280.000,25.241.000
2025.03,25/03/2025,48.285.000,2.000.000,1.961.000,20.065.000,8.191.000,0,78.541.000,78.502.000
2025.03,26/03/2025,18.280.000,3.300.000,3.240.600,35.565.000,0,0,57.145.000,57.085.600
2025.03,27/03/2025,36.245.000,12.700.000,12.471.400,1.050.000,0,0,49.995.000,49.766.400
2025.03,28/03/2025,20.830.000,49.781.000,48.903.000,53.355.000,0,0,123.966.000,123.088.000
2025.03,29/03/2025,6.350.000,12.000.000,11.784.000,72.455.000,0,0,90.805.000,90.589.000
2025.03,30/03/2025,38.378.000,41.500.000,40.753.000,21.015.000,0,0,100.893.000,100.146.000
2025.03,31/03/2025,1.500.000,8.085.000,7.943.970,50.305.000,0,3.769.000,56.121.000,55.979.970
2025.04,01/04/2025,420.000,73.410.000,72.088.620,17.500.000,0,0,91.330.000,90.008.620
2025.04,02/04/2025,500.000,0,0,31.553.000,0,0,32.053.000,32.053.000
2025.04,03/04/2025,12.630.000,9.800.000,9.623.600,7.632.500,0,0,30.062.500,29.886.100
2025.04,04/04/2025,4.060.000,9.120.000,8.464.840,12.925.000,0,0,26.105.000,25.449.840
2025.04,05/04/2025,2.200.000,13.680.000,13.433.760,29.780.000,67.440.000,0,113.100.000,112.853.760
2025.04,06/04/2025,10.000.000,17.262.500,16.951.775,14.870.000,0,0,42.132.500,41.821.775
2025.04,07/04/2025,0,0,0,0,0,0,0,0
2025.04,08/04/2025,51.350.000,25.565.000,25.104.830,7.338.000,0,0,84.253.000,83.792.830
2025.04,09/04/2025,38.855.000,0,0,8.000.000,0,0,46.855.000,46.855.000
2025.04,10/04/2025,9.015.000,4.685.000,4.600.670,11.400.000,0,0,25.100.000,25.015.670
2025.04,11/04/2025,9.676.000,350.000,343.700,6.400.000,0,0,16.426.000,16.419.700
2025.04,12/04/2025,2.000.000,900.000,883.800,172.505.000,0,0,175.405.000,175.388.800
2025.04,13/04/2025,57.059.000,1.770.000,1.745.460,69.749.500,0,0,128.578.500,128.553.960
2025.04,14/04/2025,25.780.000,77.700.000,76.280.700,4.240.000,0,0,107.720.000,106.300.700
2025.04,15/04/2025,3.000.000,7.830.000,7.681.815,12.855.000,0,0,23.685.000,23.536.815
2025.04,16/04/2025,4.725.000,0,0,81.930.000,0,0,86.655.000,86.655.000
2025.04,17/04/2025,14.030.000,2.850.000,2.798.700,78.160.000,30.740.000,12.000.000,113.780.000,113.728.700
2025.04,18/04/2025,850.000,6.060.000,5.950.920,6.240.000,0,0,13.150.000,13.040.920
2025.04,19/04/2025,39.725.000,1.760.000,1.728.320,171.540.000,0,0,213.025.000,212.993.320
2025.04,20/04/2025,14.579.500,0,0,21.080.000,0,0,35.659.500,35.659.500
2025.04,21/04/2025,17.725.000,2.475.000,2.430.450,1.420.000,0,0,21.620.000,21.575.450
2025.04,22/04/2025,4.350.000,3.260.000,3.201.320,4.965.000,0,0,12.575.000,12.516.320
2025.04,23/04/2025,96.018.500,2.535.000,2.489.370,46.650.000,0,0,145.203.500,145.157.870
2025.04,24/04/2025,17.283.000,900.000,883.800,70.797.000,0,0,88.980.000,88.963.800
2025.04,25/04/2025,5.550.000,1.800.000,1.767.600,12.235.000,0,0,19.585.000,19.552.600
2025.04,26/04/2025,0,900.000,883.800,6.209.500,0,2.425.000,4.684.500,4.668.300
2025.04,27/04/2025,2.700.000,3.454.000,3.391.828,17.318.750,0,0,23.472.750,23.410.578
2025.04,28/04/2025,0,0,0,30.000.000,0,0,30.000.000,30.000.000
2025.04,29/04/2025,200.000,3.500.000,3.437.000,117.925.000,102.225.000,0,223.850.000,223.787.000
2025.04,30/04/2025,0,0,0,0,0,0,0,0
2025.05,01/05/2025,0,0,0,0,0,0,0,0
2025.05,02/05/2025,29.325.000,8.060.000,7.914.920,10.905.000,0,0,48.290.000,48.144.920
2025.05,03/05/2025,20.889.500,0,0,55.840.000,0,0,76.729.500,76.729.500
2025.05,04/05/2025,5.133.000,0,0,58.850.000,0,0,63.983.000,63.983.000
2025.05,05/05/2025,34.000.000,12.175.000,11.955.850,3.600.000,0,0,49.775.000,49.555.850
2025.05,06/05/2025,1.350.000,85.000.000,83.416.000,98.580.000,0,0,184.930.000,183.346.000
2025.05,07/05/2025,2.350.000,0,0,350.000,0,0,2.700.000,2.700.000
2025.05,08/05/2025,21.765.000,12.000.000,11.784.000,44.080.000,0,0,77.845.000,77.629.000
2025.05,09/05/2025,4.000.000,50.810.000,49.915.420,10.685.000,0,0,65.495.000,64.600.420
2025.05,10/05/2025,2.500.000,6.550.000,6.432.100,42.530.000,0,0,51.580.000,51.462.100
2025.05,11/05/2025,10.250.000,0,0,6.765.000,0,0,17.015.000,17.015.000
2025.05,12/05/2025,2.165.000,11.813.000,11.600.366,22.350.000,0,0,36.328.000,36.115.366
2025.05,13/05/2025,4.750.000,36.810.000,36.515.520,17.255.000,0,0,58.815.000,58.520.520
2025.05,14/05/2025,33.680.000,0,0,116.630.000,0,0,150.310.000,150.310.000
2025.05,15/05/2025,13.370.000,1.750.000,1.718.500,27.105.000,0,0,42.225.000,42.193.500
2025.05,16/05/2025,0,58.770.000,57.712.140,11.030.000,0,400.000,69.400.000,68.342.140
2025.05,17/05/2025,2.975.000,29.750.000,29.214.500,4.350.000,0,0,37.075.000,36.539.500
2025.05,18/05/2025,48.745.000,0,0,28.904.500,0,0,77.649.500,77.649.500
2025.05,19/05/2025,39.985.000,24.070.000,23.636.740,16.600.000,0,0,80.655.000,80.221.740
2025.05,20/05/2025,500.000,14.760.000,14.494.320,0,0,0,15.260.000,14.994.320
2025.05,21/05/2025,69.300.000,48.800.000,47.326.000,8.460.000,0,48.420.000,78.140.000,76.666.000
2025.05,22/05/2025,5.615.000,600.000,589.200,21.615.000,18.825.000,0,46.655.000,46.644.200
2025.05,23/05/2025,1.155.000,65.695.000,64.338.890,7.615.000,0,0,74.465.000,73.108.890
2025.05,24/05/2025,37.800.000,16.955.000,16.649.810,27.297.000,0,0,82.052.000,81.746.810
2025.05,25/05/2025,3.600.000,8.850.000,8.690.700,27.530.000,0,0,39.980.000,39.820.700
2025.05,26/05/2025,19.900.000,4.175.000,4.099.850,104.170.500,0,0,128.245.500,128.170.350
2025.05,27/05/2025,35.965.000,71.010.000,69.731.220,8.245.000,60.000.000,0,175.220.000,173.941.220
2025.05,28/05/2025,5.100.000,350.000,343.700,324.650.000,0,0,330.100.000,330.093.700
2025.05,29/05/2025,11.785.000,86.050.000,84.501.100,11.300.000,0,0,109.135.000,107.586.100
2025.05,30/05/2025,0,2.489.000,2.444.189,13.255.000,0,0,15.744.000,15.699.189
2025.05,31/05/2025,8.345.000,0,0,43.485.000,0,0,51.830.000,51.830.000
2025.06,01/06/2025,1.800.000,8.025.000,7.880.550,3.880.000,0,0,13.705.000,13.560.550
2025.06,02/06/2025,16.150.000,84.085.000,82.571.470,33.752.500,0,0,133.987.500,132.473.970
2025.06,03/06/2025,20.200.000,0,0,17.898.000,0,0,38.098.000,38.098.000
2025.06,04/06/2025,0,23.275.000,22.856.050,52.980.000,0,0,76.255.000,75.836.050
2025.06,05/06/2025,56.350.000,665.000,653.030,7.350.000,0,0,64.365.000,64.353.030
2025.06,06/06/2025,4.740.000,2.600.000,2.553.200,1.400.000,60.000.000,0,68.740.000,68.693.200
2025.06,07/06/2025,34.015.000,4.050.000,3.977.100,35.575.000,0,0,73.640.000,73.567.100
2025.06,08/06/2025,1.050.000,3.430.000,3.375.260,6.850.000,0,0,11.330.000,11.275.260
2025.06,09/06/2025,3.460.000,0,0,87.655.000,0,0,91.115.000,91.115.000
2025.06,10/06/2025,2.400.000,315.000,309.330,17.250.000,0,0,19.965.000,19.959.330
2025.06,11/06/2025,1.050.000,2.096.000,2.058.272,55.150.000,0,0,58.296.000,58.258.272
2025.06,12/06/2025,17.100.000,2.350.000,2.315.700,296.400.000,0,0,315.850.000,315.815.700
2025.06,13/06/2025,1.475.000,2.665.000,2.617.030,25.540.000,0,0,29.680.000,29.632.030
2025.06,14/06/2025,3.100.000,72.750.000,71.043.550,104.285.000,0,0,180.135.000,178.428.550
2025.06,15/06/2025,5.000.000,27.650.000,27.152.300,28.438.000,0,0,61.088.000,60.590.300
2025.06,16/06/2025,6.300.000,22.800.000,22.230.000,12.000.000,0,0,41.100.000,40.530.000
2025.06,17/06/2025,5.000.000,132.660.000,129.343.500,6.810.000,0,0,144.470.000,141.153.500
2025.06,18/06/2025,205.752.000,550.000,536.250,80.910.750,0,0,287.212.750,287.199.000
2025.06,19/06/2025,26.712.000,8.135.000,7.931.625,135.289.500,0,0,170.136.500,169.933.125
2025.06,20/06/2025,12.000.000,0,0,41.200.000,0,0,53.200.000,53.200.000
2025.06,21/06/2025,4.785.000,57.370.000,56.785.750,46.504.000,0,0,108.659.000,108.074.750
2025.06,22/06/2025,12.126.950,0,0,41.591.000,0,0,53.717.950,53.717.950
2025.06,23/06/2025,2.935.000,5.000.000,4.875.000,14.295.000,25.700.000,500.000,47.430.000,47.305.000
2025.06,24/06/2025,0,2.385.000,2.336.375,13.240.000,0,0,15.625.000,15.576.375
2025.06,25/06/2025,15.617.000,20.300.000,19.877.750,81.300.000,0,0,117.217.000,116.794.750
2025.06,26/06/2025,4.798.500,30.800.000,30.030.000,37.000.000,0,0,72.598.500,71.828.500
2025.06,27/06/2025,3.236.500,0,0,8.905.000,0,0,12.141.500,12.141.500
2025.06,28/06/2025,6.618.500,3.650.000,3.558.750,96.630.000,0,0,106.898.500,106.807.250
2025.06,29/06/2025,15.848.000,0,0,9.355.000,0,0,25.203.000,25.203.000
2025.06,30/06/2025,400.000,1.100.000,1.072.500,9.000.000,0,0,10.500.000,10.472.500
2025.07,01/07/2025,7.890.000,0,0,27.702.000,0,0,35.592.000,35.592.000
2025.07,02/07/2025,3.880.000,0,0,35.850.000,0,0,39.730.000,39.730.000
2025.07,03/07/2025,9.600.000,0,0,4.455.000,0,0,14.055.000,14.055.000
2025.07,04/07/2025,11.507.500,4.150.000,4.074.300,6.225.000,0,0,21.882.500,21.806.800
2025.07,05/07/2025,13.062.000,0,0,12.831.000,0,0,25.893.000,25.893.000
2025.07,06/07/2025,800.000,660.000,643.500,87.446.000,32.200.000,0,121.106.000,121.089.500
2025.07,07/07/2025,5.920.000,0,0,3.353.000,0,0,9.273.000,9.273.000
2025.07,08/07/2025,5.400.000,8.000.000,7.800.000,28.850.000,0,0,42.250.000,42.050.000
2025.07,09/07/2025,41.735.000,0,0,6.011.000,0,0,47.746.000,47.746.000
2025.07,10/07/2025,15.420.000,3.000.000,2.976.000,13.950.000,0,0,32.370.000,32.346.000
2025.07,11/07/2025,6.190.000,4.642.000,4.525.950,32.540.000,0,0,43.372.000,43.255.950
2025.07,12/07/2025,2.560.000,13.781.500,13.487.962,17.195.000,0,0,33.536.500,33.242.962
2025.07,13/07/2025,8.480.000,4.335.000,4.226.625,7.960.000,0,0,20.775.000,20.666.625
2025.07,14/07/2025,19.175.000,12.000.000,11.751.000,22.940.000,0,0,54.115.000,53.866.000
2025.07,15/07/2025,50.950.000,0,0,51.180.000,0,0,102.130.000,102.130.000
2025.07,16/07/2025,55.395.000,1.988.500,1.938.787,1.967.000,16.000.000,0,75.350.500,75.300.787
2025.07,17/07/2025,4.290.000,0,0,66.673.500,0,0,70.963.500,70.963.500
2025.07,18/07/2025,385.000,9.000.000,8.775.000,6.050.000,0,0,15.435.000,15.210.000
2025.07,19/07/2025,21.471.000,8.160.000,7.956.000,23.552.000,0,0,53.183.000,52.979.000
2025.07,20/07/2025,7.388.000,2.327.500,2.269.312,37.060.000,0,0,46.775.500,46.717.312
2025.07,21/07/2025,0,800.000,780.000,157.843.100,0,0,158.643.100,158.623.100
2025.07,22/07/2025,2.145.000,3.990.000,3.907.080,290.060.000,0,0,296.195.000,296.112.080
2025.07,23/07/2025,9.482.000,23.730.000,23.136.750,4.180.000,0,0,37.392.000,36.798.750
2025.07,24/07/2025,6.361.000,9.217.000,8.986.565,54.117.500,0,0,69.695.500,69.465.065
2025.07,25/07/2025,11.610.000,1.375.000,1.340.625,3.630.000,0,0,16.615.000,16.580.625
2025.07,26/07/2025,6.385.000,0,0,7.150.000,0,0,13.535.000,13.535.000
2025.07,27/07/2025,11.365.000,1.680.000,1.638.000,5.024.000,0,0,18.069.000,18.027.000
2025.07,28/07/2025,6.900.000,1.100.000,1.072.500,19.773.500,0,0,27.773.500,27.746.000
2025.07,29/07/2025,1.500.000,440.000,436.480,27.535.000,0,0,29.475.000,29.471.480
2025.07,30/07/2025,4.620.000,4.230.000,4.124.250,1.425.000,70.400.000,0,80.675.000,80.569.250
2025.07,31/07/2025,3.400.000,1.900.000,1.852.500,47.445.500,0,0,52.745.500,52.698.000
2025.08,01/08/2025,89.108.000,0,0,24.225.500,0,0,113.333.500,113.333.500
2025.08,02/08/2025,36.150.000,3.000.000,2.925.000,87.668.000,0,0,126.818.000,126.743.000
2025.08,03/08/2025,3.390.000,2.835.000,2.760.000,85.185.000,0,0,91.410.000,91.335.000
2025.08,04/08/2025,2.050.000,30.820.000,30.049.500,21.937.500,0,0,54.807.500,54.037.000
2025.08,05/08/2025,2.500.000,0,0,119.901.000,0,0,122.401.000,122.401.000
2025.08,06/08/2025,0,0,0,0,0,0,0,0
2025.08,07/08/2025,0,0,0,0,0,0,0,0
2025.08,08/08/2025,5.160.000,1.025.000,999.375,8.760.000,0,0,14.945.000,14.919.375
2025.08,09/08/2025,6.020.000,12.650.000,12.333.750,42.098.000,0,0,60.768.000,60.451.750
2025.08,10/08/2025,7.265.000,5.400.000,5.271.800,2.200.000,0,0,14.865.000,14.736.800
2025.08,11/08/2025,20.580.000,10.360.000,10.101.000,30.429.000,0,0,61.369.000,61.110.000
2025.08,12/08/2025,2.050.000,9.650.000,9.408.750,3.240.000,0,0,14.940.000,14.698.750
2025.08,13/08/2025,118.405.000,40.000.000,39.000.000,18.742.500,0,0,177.147.500,176.147.500
2025.08,14/08/2025,18.175.000,0,0,36.310.000,0,0,54.485.000,54.485.000
2025.08,15/08/2025,31.375.000,2.350.000,2.291.250,6.997.500,0,0,40.722.500,40.663.750
2025.08,16/08/2025,18.690.000,37.942.000,36.993.450,27.793.500,0,0,84.425.500,83.476.950
2025.08,17/08/2025,6.005.000,14.422.500,14.090.962,20.984.000,0,0,41.411.500,41.079.962
2025.08,18/08/2025,1.300.000,0,0,8.000.000,0,0,9.300.000,9.300.000
2025.08,19/08/2025,12.967.000,2.400.000,2.340.000,24.620.000,0,300.000,39.687.000,39.627.000
2025.08,20/08/2025,605.000,17.300.000,16.867.500,20.385.000,0,0,38.290.000,37.857.500
2025.08,21/08/2025,10.420.000,0,0,3.122.500,24.000.000,0,37.542.500,37.542.500
2025.08,22/08/2025,945.000,24.955.000,24.331.125,28.315.000,0,0,54.215.000,53.591.125
2025.08,23/08/2025,0,550.000,536.250,15.165.000,0,0,15.715.000,15.701.250
2025.08,24/08/2025,11.095.000,4.620.000,4.504.500,22.225.000,0,0,37.940.000,37.824.500
2025.08,25/08/2025,2.460.000,21.200.000,20.676.800,8.105.000,0,0,31.765.000,31.241.800
2025.08,26/08/2025,4.000.000,51.415.500,50.132.807,19.820.000,0,0,75.235.500,73.952.807
2025.08,27/08/2025,6.245.000,12.640.000,12.324.000,19.497.500,0,0,38.382.500,38.066.500
2025.08,28/08/2025,1.825.000,13.909.000,13.561.275,5.227.500,0,0,20.961.500,20.613.775
2025.08,29/08/2025,32.000.000,0,0,69.549.000,11.400.000,1.100.000,111.849.000,111.849.000
2025.08,30/08/2025,48.135.000,400.000,390.000,59.135.000,0,0,107.670.000,107.660.000
2025.08,31/08/2025,13.300.000,32.671.500,31.809.712,8.592.500,0,0,54.564.000,53.702.212
2025.09,01/09/2025,0,400.000,390.000,153.762.500,0,0,154.162.500,154.152.500
2025.09,02/09/2025,0,0,0,0,0,0,0,0
2025.09,03/09/2025,5.855.000,4.855.000,4.733.625,13.603.500,0,0,24.313.500,24.192.125
2025.09,04/09/2025,9.797.500,56.356.250,55.094.415,7.125.000,0,0,73.278.750,72.016.915
2025.09,05/09/2025,2.550.000,60.384.500,59.901.424,160.902.000,0,0,223.836.500,223.353.424
2025.09,06/09/2025,1.100.000,1.980.000,1.930.500,115.280.000,0,0,118.360.000,118.310.500
2025.09,07/09/2025,4.270.000,14.530.000,14.166.750,8.968.000,0,0,27.768.000,27.404.750
2025.09,08/09/2025,6.634.000,4.536.000,4.490.362,50.445.000,0,0,61.615.000,61.569.362
2025.09,09/09/2025,19.448.000,18.100.000,17.647.500,122.551.000,0,0,160.099.000,159.646.500
2025.09,10/09/2025,420.000,0,0,0,88.000.000,0,88.420.000,88.420.000
2025.09,11/09/2025,17.345.000,96.600.000,94.185.000,45.070.000,0,0,159.015.000,156.600.000
2025.09,12/09/2025,10.100.000,0,0,98.336.000,0,0,108.436.000,108.436.000
2025.09,13/09/2025,4.250.000,0,0,16.590.000,0,0,20.840.000,20.840.000
2025.09,14/09/2025,2.730.000,0,0,15.305.000,0,0,18.035.000,18.035.000
2025.09,15/09/2025,23.340.000,385.000,375.375,400.000,0,0,24.125.000,24.115.375
2025.09,16/09/2025,1.200.000,0,0,44.289.000,0,0,45.489.000,45.489.000
2025.09,17/09/2025,7.555.000,18.095.000,17.642.625,22.470.500,0,0,48.120.500,47.668.125
2025.09,18/09/2025,25.550.000,3.465.000,3.437.280,16.340.000,12.250.000,0,57.605.000,57.577.280
2025.09,19/09/2025,7.577.000,2.800.000,2.730.000,67.156.500,0,0,77.533.500,77.463.500
2025.09,20/09/2025,702.000,13.711.000,13.500.162,44.228.000,0,0,58.641.000,58.430.162
2025.09,21/09/2025,5.351.500,400.000,390.000,12.338.000,0,0,18.089.500,18.079.500
2025.09,22/09/2025,51.948.000,0,0,35.375.000,0,0,87.323.000,87.323.000
2025.09,23/09/2025,1.885.000,1.100.000,1.072.500,3.817.000,0,0,6.802.000,6.774.500
2025.09,24/09/2025,6.315.000,495.000,482.625,194.545.000,0,0,201.355.000,201.342.625
2025.09,25/09/2025,4.153.500,1.200.000,1.170.000,10.475.000,0,0,15.828.500,15.798.500
2025.09,26/09/2025,65.726.000,340.000,331.500,81.610.000,0,0,147.676.000,147.667.500
2025.09,27/09/2025,380.000,0,0,83.750.000,0,0,84.130.000,84.130.000
2025.09,28/09/2025,700.000,9.000.000,8.775.000,10.305.000,0,0,20.005.000,19.780.000
2025.09,29/09/2025,71.910.000,0,0,3.913.500,0,0,75.823.500,75.823.500
2025.09,30/09/2025,14.050.000,6.545.000,6.381.375,160.403.000,30.000.000,0,210.998.000,210.834.375
2025.10,01/10/2025,2.825.000,8.200.000,7.995.000,48.347.000,0,0,59.372.000,59.167.000
2025.10,02/10/2025,9.056.000,8.240.000,8.095.500,13.225.000,0,0,30.521.000,30.376.500
2025.10,03/10/2025,4.062.500,0,0,7.405.000,0,0,11.467.500,11.467.500
2025.10,04/10/2025,5.950.000,8.170.250,7.973.988,12.605.000,0,0,26.725.250,26.528.988
2025.10,05/10/2025,29.205.000,0,0,17.632.500,0,0,46.837.500,46.837.500
2025.10,06/10/2025,217.170.500,1.500.000,1.462.500,138.890.500,0,0,357.561.000,357.523.500
2025.10,07/10/2025,5.022.000,0,0,166.844.000,0,0,171.866.000,171.866.000
2025.10,08/10/2025,2.890.000,9.215.000,8.956.980,248.045.000,0,0,260.150.000,259.891.980
2025.10,09/10/2025,47.077.500,1.050.000,1.023.750,23.948.000,0,40.000.000,32.075.500,32.049.250
2025.10,10/10/2025,33.612.500,0,0,33.097.000,0,0,66.709.500,66.709.500
2025.10,11/10/2025,8.464.000,23.000.000,22.365.000,34.345.000,0,0,65.809.000,65.174.000
2025.10,12/10/2025,41.638.000,7.200.000,7.020.000,19.068.000,0,0,67.906.000,67.726.000
2025.10,13/10/2025,0,0,0,35.698.000,0,0,35.698.000,35.698.000
2025.10,14/10/2025,1.848.000,14.500.000,14.137.500,47.574.000,0,533.000,63.389.000,63.026.500
2025.10,15/10/2025,2.910.000,0,0,15.686.500,0,0,18.596.500,18.596.500
2025.10,16/10/2025,3.800.000,32.000.000,31.200.000,12.135.000,0,0,47.935.000,47.135.000
2025.10,17/10/2025,4.835.000,0,0,11.895.000,44.100.000,0,60.830.000,60.830.000
2025.10,18/10/2025,5.894.000,4.350.000,4.254.850,26.220.000,0,0,36.464.000,36.368.850
2025.10,19/10/2025,16.550.000,0,0,5.380.000,0,0,21.930.000,21.930.000
2025.10,20/10/2025,33.930.000,5.840.000,5.694.000,13.567.000,0,0,53.337.000,53.191.000
2025.10,21/10/2025,10.450.000,360.000,351.000,178.469.000,0,0,189.279.000,189.270.000
2025.10,22/10/2025,210.125.000,0,0,12.520.000,0,0,222.645.000,222.645.000
2025.10,23/10/2025,1.460.000,1.500.000,1.461.300,123.677.000,0,0,126.637.000,126.598.300
2025.10,24/10/2025,7.525.000,776.000,754.272,1.540.000,0,0,9.841.000,9.819.272
2025.10,25/10/2025,26.895.500,0,0,56.407.500,0,19.900.000,63.403.000,63.403.000
2025.10,26/10/2025,8.702.500,0,0,16.535.000,0,0,25.237.500,25.237.500
2025.10,27/10/2025,1.705.000,1.600.000,1.555.200,36.020.000,0,0,39.325.000,39.280.200
2025.10,28/10/2025,172.787.000,0,0,7.135.000,0,0,179.922.000,179.922.000
2025.10,29/10/2025,1.275.000,770.000,750.750,16.956.500,0,0,19.001.500,18.982.250
2025.10,30/10/2025,8.008.000,32.699.000,31.881.525,207.871.000,0,0,248.578.000,247.760.525
2025.10,31/10/2025,27.000.000,0,0,196.852.500,0,0,223.852.500,223.852.500
2025.11,01/11/2025,,,,,,,,
2025.11,02/11/2025,,,,,,,,
2025.11,03/11/2025,,,,,,,,
2025.11,04/11/2025,,,,,,,,
2025.11,05/11/2025,,,,,,,,
2025.11,06/11/2025,,,,,,,,
2025.11,07/11/2025,,,,,,,,
2025.11,08/11/2025,,,,,,,,
2025.11,09/11/2025,,,,,,,,
2025.11,10/11/2025,,,,,,,,
2025.11,11/11/2025,,,,,,,,
2025.11,12/11/2025,,,,,,,,
2025.11,13/11/2025,,,,,,,,
2025.11,14/11/2025,,,,,,,,
2025.11,15/11/2025,,,,,,,,
2025.11,16/11/2025,,,,,,,,
2025.11,17/11/2025,,,,,,,,
2025.11,18/11/2025,,,,,,,,
2025.11,19/11/2025,,,,,,,,
2025.11,20/11/2025,,,,,,,,
2025.11,21/11/2025,,,,,,,,
2025.11,22/11/2025,,,,,,,,
2025.11,23/11/2025,,,,,,,,
2025.11,24/11/2025,,,,,,,,
2025.11,25/11/2025,,,,,,,,
2025.11,26/11/2025,,,,,,,,
2025.11,27/11/2025,,,,,,,,
2025.11,28/11/2025,,,,,,,,
2025.11,29/11/2025,,,,,,,,
2025.11,30/11/2025,,,,,,,,
2025.12,01/12/2025,,,,,,,,
2025.12,02/12/2025,,,,,,,,
2025.12,03/12/2025,,,,,,,,
2025.12,04/12/2025,,,,,,,,
2025.12,05/12/2025,,,,,,,,
2025.12,06/12/2025,,,,,,,,
2025.12,07/12/2025,,,,,,,,
2025.12,08/12/2025,,,,,,,,
2025.12,09/12/2025,,,,,,,,
2025.12,10/12/2025,,,,,,,,
2025.12,11/12/2025,,,,,,,,
2025.12,12/12/2025,,,,,,,,
2025.12,13/12/2025,,,,,,,,
2025.12,14/12/2025,,,,,,,,
2025.12,15/12/2025,,,,,,,,
2025.12,16/12/2025,,,,,,,,
2025.12,17/12/2025,,,,,,,,
2025.12,18/12/2025,,,,,,,,
2025.12,19/12/2025,,,,,,,,
2025.12,20/12/2025,,,,,,,,
2025.12,21/12/2025,,,,,,,,
2025.12,22/12/2025,,,,,,,,
2025.12,23/12/2025,,,,,,,,
2025.12,24/12/2025,,,,,,,,
2025.12,25/12/2025,,,,,,,,
2025.12,26/12/2025,,,,,,,,
2025.12,27/12/2025,,,,,,,,
2025.12,28/12/2025,,,,,,,,
2025.12,29/12/2025,,,,,,,,
2025.12,30/12/2025,,,,,,,,
2025.12,31/12/2025,,,,,,,,